Name,Strength,Education,Skills,Interests,Recommended_Career
Maria S20,Creativity,MCA,"Algorithms, SQL, Java, Python, Agile, Problem Solving, JavaScript, Communication","Scalable Systems, Product Development, Engineering, Collaboration, Software Systems, Architecture",Software Engineer
Nabin M15,Communication,MCA,"PyTorch, SQL, Linux, Docker, AWS, Excel, Machine Learning, Power BI, R, Communication","Deep Learning, Engineering, AI, Tech Community",Machine Learning Engineer
Maria M36,Teamwork,BSc IT,"App Development, Kotlin, Excel, AWS, Git, Communication, SQLite, Docker, Swift","User Experience, Android, Career Growth, Startups",Mobile Developer
Nabin C16,Attention to Detail,MCA,"Problem Solving, Nmap, Teamwork, APIs, Firewalls, Algorithms, Design Patterns, Python, SQL, OOP, JavaScript","Threat Detection, Ethical Hacking, Collaboration, Networks, Career Growth",Cybersecurity Analyst
Alex C19,Leadership,BTech Information Technology,"Azure, Nginx, Terraform, PostgreSQL, Data Pipelines, Kubernetes, Linux, Teamwork, Node.js, Apache Spark, Kafka, SQL, Infrastructure as Code, Site Reliability, Data Modeling, Airflow, AWS, Excel, Microservices, MongoDB, BigQuery, Problem Solving","Scalability, Enterprise IT, Deployment, Collaboration, Startups",Cloud Engineer
Kiran M25,Problem Solving,BSc IT,"Node.js, HTML, Color Theory, TypeScript, Visual Design, JavaScript, App Development, Mobile UI, Prototyping, Linux, MongoDB, Wireframing, React, JWT, Kotlin, Tailwind CSS, CSS, SQL, Teamwork, REST APIs","Cross Platform, Design, Tech Community, Human Centered Design, Career Growth, App Store",Mobile Developer
Anu S9,Research,BCA,"Java, Communication, HTML, Problem Solving, Excel, Docker, JavaScript","Product Development, Coding, Security, Innovation, Scalability, Learning, Programming",Software Developer
Maria U14,Patience,BCA,"SQL, HTML, AWS, Linux, Prototyping, Java, Sketch, Git, Docker","Innovation, Human Centered Design, Product Design, Mobile Apps",UI/UX Designer
Meera U11,Teamwork,BE Electronics and Communication,"Responsive Design, User Research, Dart, Tailwind CSS, Visual Design, Next.js, Java, Docker, JavaScript, Mobile UI, Figma, Excel, React Native, Problem Solving, Firebase, CSS","Innovation, Mobile Apps, User Experience, Design, Product Design",UI/UX Designer
Sneha D21,Patience,MCA,"Git, Python, SQL, Jupyter, Data Visualization, Linux","Statistics, Finance, Predictive Modeling, Data Analysis",Data Scientist
Riya D18,Problem Solving,BE Computer Engineering,"Docker, Problem Solving, Terraform, Design Patterns, System Design, CI/CD, Prometheus","Infrastructure, Deployment, Automation, Observability, Reliability, Containers",DevOps Engineer
Casey D14,Attention to Detail,BSc Computer Science,"Apache Spark, Communication, Problem Solving, Python, Teamwork, Agile","Cloud Infrastructure, Innovation, ETL, Streaming, Big Data",Data Engineer
Anita B38,Patience,BE Computer Engineering,"AWS, HTML, JavaScript, TypeScript, Node.js, REST APIs, Problem Solving, Java, Express, MongoDB, JWT","Databases, Scalability, Backend Engineering, Cloud, APIs, System Design",Backend Developer
Anu F31,Quick Learner,BE Software Engineering,"Tailwind CSS, TypeScript, CSS, Java, AWS, Redux, React, Linux","Mobile Web, Creative Coding, Freelancing, User Experience",Frontend Developer
Arjun D41,Creativity,MCA,"Excel, Communication, MongoDB, SQL, AWS, VPC, Microservices, Azure, Security, Linux, Terraform, CI/CD, PostgreSQL, Algorithms, REST APIs, Distributed Systems, Agile, GraphQL","Scalable Systems, Automation, Reliability, Remote Work, Infrastructure, Deployment, Startups",DevOps Engineer
Meera S42,Problem Solving,BSc IT,"Data Structures, Docker, Java, CI/CD, Distributed Systems, Grafana, Algorithms, Ansible, JavaScript","Reliability, Mentorship, Architecture, Engineering, Performance, Scalable Systems",Software Engineer
James S8,Patience,MCA,"Agile, Teamwork, SQL, Algorithms, Git, Docker, AWS","Architecture, Freelancing, Startups, Clean Code, Scalability",Software Engineer
Kiran S5,Attention to Detail,BE Software Engineering,"OOP, Python, SQL, Agile, Communication, AWS, C++, Data Structures","Software Systems, Product Development, Coding, Programming, Problem Solving, Open Source",Software Developer
Dev C45,Attention to Detail,BTech Information Technology,"Problem Solving, Machine Learning, Scikit-learn, PyTorch, MLOps, Computer Vision, Keras, Python, HTML, TensorFlow, Excel, Networking","Certifications, Scalability, Cloud Infrastructure",Cloud Engineer
Riya D33,Analytical Mindset,Diploma in Computer Science,"Express, Nginx, Spring Boot, Data Pipelines, Teamwork, Microservices, Python, Node.js, REST APIs, Agile, Airflow, MongoDB","Career Growth, Pipelines, Big Data, Collaboration",Data Engineer
Anita U5,Problem Solving,BE Software Engineering,"Figma, CSS, Python, App Development, Mobile UI, Docker, Redux, HTML, AWS, Xcode, React Native, Push Notifications, TypeScript, Firebase, Responsive Design, Wireframing, Vue","Career Growth, Creativity, Remote Work, Product Design, User Experience",UI/UX Designer
Jordan Q22,Communication,BE Computer Engineering,"Postman, Linux, Test Cases, Cypress, API Testing, Docker, Teamwork","SDET Path, Performance Testing, Defect Management, Quality Assurance, Software Quality",QA Engineer
Sneha B6,Presentation Skills,BE Electronics and Communication,"TensorFlow, SQL, Scikit-learn, MongoDB, Python, HTML, Problem Solving, Communication, Teamwork, Excel, Model Deployment","Deployment, CI/CD, Security, Startups, APIs, Databases, Learning",Backend Developer
Sneha S43,Analytical Mindset,BE Electronics and Communication,"Agile, SQL, Express, Linux, Microservices, Nginx, REST APIs, Authentication, Node.js, Git","Open Source, Startups, Product Development, Software Systems",Software Developer
Alex F34,Leadership,BTech Information Technology,"Node.js, JavaScript, React, Docker, Problem Solving, CSS, TypeScript","Full Stack, Product Building, SaaS, Freelancing, MERN Stack, Startups, Web Development",Full Stack Developer
Taylor D19,Leadership,BE Electronics and Communication,"Scikit-learn, Java, Data Structures, Jupyter, Python, Communication, Design Patterns, Algorithms, Docker, JavaScript, Linux, HTML, Agile","Business Reports, Statistics, Freelancing, KPI Tracking, Tech Community, AI",Data Scientist
Alex D11,Teamwork,BSc IT,"Problem Solving, Agile, Kubernetes, Design Patterns, Microservices, CI/CD, Jenkins, SQL, Communication, Docker","Remote Work, Infrastructure, Reliability, APIs",DevOps Engineer
Taylor S35,Logical Thinking,BCA,"HTML, Microservices, Distributed Systems, Python, MongoDB, Authentication, System Design, Code Review, SQL, PostgreSQL, Docker, Data Structures, Java, React, OOP, CI/CD, Node.js, JavaScript","Clean Code, Problem Solving, Reliability, Startups, Software Systems, Coding",Software Developer
Riley S33,Creativity,BE Computer Engineering,"Docker, Microservices, System Design, Teamwork, Problem Solving, SQL, CI/CD","Architecture, Scalable Systems, Clean Code, Big Tech, Engineering",Software Engineer
Morgan F28,Presentation Skills,BCA,"App Development, State Management, JavaScript, Wireframing, React Native, Linux, Color Theory, Responsive Design, HTML, Kotlin, Mobile UI, AWS, Push Notifications, Adobe XD, Node.js, MongoDB, Sketch, Problem Solving","Innovation, Creativity, User Experience, Frontend",Frontend Developer
Puja D19,Analytical Mindset,BE Electronics and Communication,"Excel, Java, Git, SQL, AWS, Power BI, Reporting","Dashboards, Charts, Marketing Analytics, Operations, KPI Tracking, Business Reports, Analytics",Data Analyst
Meera M18,Attention to Detail,MCA,"Machine Learning, Accessibility, SQL, Design Systems, Visual Design, User Research, Adobe XD, Communication, Wireframing, Python","Collaboration, Startups, Neural Networks, Deep Learning",Machine Learning Engineer
Morgan F20,Attention to Detail,BCA,"Linux, Excel, MongoDB, Express, Teamwork, Node.js, CSS","Full Stack, Startups, Web Development, Side Projects, SaaS, Cloud",Full Stack Developer
Aarav C40,Research,BE Computer Engineering,"MLOps, Keras, Excel, Deep Learning, JavaScript, AWS, Machine Learning","Cloud Infrastructure, Innovation, Scalability, Enterprise IT, Startups, Automation",Cloud Engineer
Anita S30,Leadership,MCA,"Agile, Java, Data Structures, CloudFormation, VPC, Terraform, Linux, Networking, Security","Programming, Freelancing, Product Development, Problem Solving, Tech Community, Remote Work, Coding",Software Developer
James D40,Problem Solving,BSc Computer Science,"Ansible, Kubernetes, Jenkins, Terraform, Linux, Problem Solving, Agile","CI/CD, Infrastructure, Reliability, Observability, Deployment",DevOps Engineer
Kiran M8,Communication,BE Electronics and Communication,"Problem Solving, CSS, Mobile UI, Redux, MongoDB, Vue, Tailwind CSS, Visual Design, Prototyping, Firebase, Agile, Teamwork, Responsive Design, TypeScript, Kotlin, HTML, AWS, Color Theory, Node.js, Sketch","Cross Platform, User Experience, Startups, Cloud, App Store",Mobile Developer
Morgan D15,Creativity,BE Computer Engineering,"Grafana, Jenkins, Linux, Site Reliability, Kubernetes, Communication, Docker","Infrastructure, Observability, Reliability, Containers, CI/CD, Automation",DevOps Engineer
James D24,Problem Solving,BSc IT,"CSS, REST APIs, Accessibility, SQL, HTML, JavaScript, Teamwork, Data Pipelines, TypeScript","Pipelines, Innovation, Career Growth, Big Data, Startups",Data Engineer
Maria D30,Leadership,BE Software Engineering,"Ansible, Jenkins, Java, Kubernetes, Linux, Teamwork","CI/CD, Infrastructure, Observability, Containers, Automation",DevOps Engineer
Taylor B31,Logical Thinking,MCA,"Kubernetes, SQL, CSS, Communication, Data Structures, REST APIs, Problem Solving, HTML, Next.js, JavaScript, Excel, Express, Authentication, Infrastructure as Code, CI/CD, MongoDB, Testing, C++, Java, Teamwork, Tailwind CSS, Site Reliability","Freelancing, Server Logic, Security, Startups",Backend Developer
Samir B14,Problem Solving,BSc Computer Science,"PostgreSQL, Node.js, Jenkins, JavaScript, HTML, Infrastructure as Code, Microservices, Terraform, Docker, Linux, Communication, Express","Backend Engineering, APIs, Architecture, Security, System Design",Backend Developer
Puja Q27,Problem Solving,BCA,"Data Structures, Docker, Algorithms, Grafana, Microservices, Problem Solving, Cypress, Excel, Teamwork, Terraform, Git, Spring Boot, CI/CD, Express, API Testing, Communication, REST APIs, Site Reliability, Testing, Helm","Tech Community, Startups, APIs, Automation, Quality Assurance, Server Logic",QA Engineer
James D22,Presentation Skills,BE Electronics and Communication,"Git, Docker, Tableau, Python, Reporting, ETL","Market Research, Dashboards, Marketing Analytics, Operations, Business Reports",Data Analyst
Priya M5,Attention to Detail,BSc Computer Science,"Java, Tableau, Scikit-learn, SQL, NumPy, Python, Seaborn, Matplotlib, Git, JavaScript","Model Deployment, Neural Networks, Robotics, Computer Vision, Automation",Machine Learning Engineer
Sita B34,Quick Learner,MCA,"Linux, Authentication, MongoDB, REST APIs, Express, Java","Performance, System Design, Security, Server Logic, APIs",Backend Developer
Riya Q36,Patience,BE Software Engineering,"ETL, Agile, Problem Solving, Python, Test Cases, Kafka, Teamwork, AWS, SQL, Excel, BigQuery, JavaScript","Testing, Defect Management, Software Quality, Software Systems, Learning, Freelancing",QA Engineer
Taylor D44,Attention to Detail,BSc Computer Science,"Prometheus, Ansible, Site Reliability, CI/CD, JavaScript, SQL, Airflow","Tech Community, Remote Work, Data Infrastructure, Career Growth, Warehousing",Data Engineer
Casey Q41,Problem Solving,BE Electronics and Communication,"MongoDB, Postman, Linux, Docker, REST APIs, Node.js, Python, Terraform, CI/CD, JavaScript, Data Structures, Excel, Authentication, Manual Testing, Helm, Spring Boot, Problem Solving, Ansible, Infrastructure as Code","Collaboration, Automation, Quality Assurance, Infrastructure, Testing, Deployment",QA Engineer
Puja S21,Logical Thinking,BE Electronics and Communication,"Spring Boot, Data Structures, System Design, SQL, HTML, PostgreSQL, Authentication, CI/CD, Node.js, MongoDB, Nginx, Agile, Docker, Testing, React, REST APIs, Problem Solving, AWS, Code Review, Python","Full Stack, Product Development, Programming, Problem Solving, Learning",Software Developer
Priya D7,Communication,BTech Information Technology,"SQL, AWS, Communication, JavaScript, Linux, Java, Tableau","Model Deployment, Startups, Automation, AI, Big Data",Data Scientist
Maria Q9,Research,BTech Information Technology,"Ansible, REST APIs, Test Cases, GraphQL, JavaScript, Algorithms, Java, GitHub Actions, OOP, Communication, API Testing, CI/CD, Prometheus, Testing, Selenium, Kubernetes, Microservices, Git, Teamwork, MongoDB, Jenkins","Programming, Innovation, Software Quality, Testing",QA Engineer
Morgan D18,Logical Thinking,Diploma in Computer Science,"Python, Matplotlib, SQL, AWS, Data Cleaning, Git, Statistics, Tableau, Reporting, Business Intelligence, Excel","Big Data, Streaming, Warehousing, Lakehouse",Data Engineer
Kiran C23,Research,BE Computer Engineering,"Firewalls, Linux, Cryptography, AWS, Wireshark, SIEM","Security, Ethical Hacking, Blue Team, Bug Bounty, Compliance, Threat Detection",Cybersecurity Analyst
Maria S15,Problem Solving,Diploma in Computer Science,"Agile, System Design, AWS, Teamwork, Excel, Python","Infrastructure, Freelancing, Clean Code, Scalable Systems, Engineering",Software Engineer
Sneha Q6,Creativity,BTech Information Technology,"HTML, REST APIs, Site Reliability, Manual Testing, Problem Solving, Git, Data Structures, Ansible, Express, C++, Authentication, APIs, Prometheus, CI/CD, Linux, Helm, Excel, Java, API Testing, Docker, Algorithms","Learning, Software Quality, Quality Assurance, CI/CD, Automation",QA Engineer
Bikash F33,Creativity,Diploma in Computer Science,"React, Java, PostgreSQL, MongoDB, Python, HTML, Tailwind CSS, Nginx, Authentication","Tech Community, UI, Frontend, Freelancing, Career Growth, Mobile Web, User Experience",Frontend Developer
Kiran U38,Research,BSc Computer Science,"Git, Mobile UI, Firebase, App Development, SQLite, Wireframing, Push Notifications, Kotlin, Swift, AWS","Human Centered Design, User Experience, Innovation, Collaboration, Design",UI/UX Designer
Anu D42,Presentation Skills,BSc IT,"Deep Learning, HTML, Linux, Python, Jupyter, SQL, Tableau","Automation, Data Analysis, Predictive Modeling, Visualization",Data Scientist
Alex F24,Research,BE Computer Engineering,"Express, HTML, Prototyping, JavaScript, Mobile UI, Tailwind CSS, Visual Design, CSS, React, Android Studio, Accessibility, User Research, AWS, React Native, Kotlin","User Experience, UI, Remote Work, Startups",Frontend Developer
Puja M31,Research,BTech Information Technology,"Code Review, AWS, Airflow, SQL, Scikit-learn, Python, Excel, Tableau, Docker, Kafka, Spark, Data Pipelines, Data Structures, System Design, BigQuery, R, NumPy, Data Visualization, dbt","Research, Startups, Predictive Modeling, Automation",Machine Learning Engineer
Aarav U42,Creativity,BSc IT,"Swift, HTML, JavaScript, Excel, React, Prototyping, React Native, Xcode, Linux, Flutter, TypeScript, App Development, Adobe XD, Figma, Push Notifications, Tailwind CSS","Creativity, Freelancing, UI, Startups, User Experience",UI/UX Designer
James U36,Presentation Skills,BTech Information Technology,"HTML, Linux, Agile, Prototyping, Figma, Visual Design, User Research","Product Design, Usability Testing, Design, Human Centered Design, User Experience",UI/UX Designer
Maria U45,Patience,BCA,"MongoDB, JavaScript, Authentication, Wireframing, Microservices, Docker, Teamwork, GraphQL","Creativity, User Experience, Learning, Design, Remote Work, Human Centered Design, Freelancing",UI/UX Designer
Taylor F23,Communication,BE Electronics and Communication,"HTML, Problem Solving, React, Agile, CSS, Responsive Design, TypeScript, Redux, JavaScript, AWS, Linux, Tailwind CSS, Vue","Full Stack, Web Development, MERN Stack, Startups, Cloud",Full Stack Developer
Dev D10,Research,MCA,"Teamwork, AWS, Linux, REST APIs, CSS, Git, React, Python, Pandas, Tailwind CSS, Java","Tech Community, Data Analysis, Dashboards, Research, AI",Data Scientist
Sita U21,Teamwork,BE Software Engineering,"Firebase, Tailwind CSS, Sketch, Responsive Design, Accessibility, Python, Android Studio, User Research, Linux, HTML, Swift, Communication, Kotlin, AWS","Mobile Web, Career Growth, Creativity, User Experience, Human Centered Design",UI/UX Designer
Morgan D10,Analytical Mindset,MCA,"Machine Learning, Data Modeling, Tableau, SQL, Matplotlib, Kafka, TensorFlow, NumPy, Communication, Airflow, Excel, ETL, Docker","Data Infrastructure, Career Growth, Analytics, Market Research, Collaboration, Pipelines",Data Analyst
Taylor S20,Quick Learner,BTech Information Technology,"Azure, SQL, AWS, OOP, Algorithms, Linux, HTML, Agile, Communication, JavaScript, GCP","Startups, Product Building, Collaboration, Problem Solving, Product Development",Software Developer
Anu F36,Analytical Mindset,MCA,"Git, JavaScript, Python, HTML, Algorithms, TypeScript, Linux, Agile, SQL, Problem Solving","Design, Creative Coding, Remote Work, Mobile Web, Frontend",Frontend Developer
Morgan S22,Logical Thinking,BE Electronics and Communication,"Git, Java, Docker, JavaScript, AWS, Problem Solving","Clean Code, Problem Solving, Engineering, Tech Community",Software Engineer
Anita M17,Presentation Skills,BCA,"JavaScript, React Native, Tailwind CSS, Firebase, TypeScript, CSS, Xcode, Vue, Linux, Swift","Android, iOS, Mobile Apps, Cross Platform, App Store, Game Dev",Mobile Developer
Morgan D32,Research,BSc IT,"Power BI, NLP, Tableau, Linux, Pandas, Data Modeling, Apache Spark, Data Pipelines, Scala, Agile, Python, Deep Learning, Excel, SQL, ETL, Problem Solving, NumPy","Research, Business Reports, Remote Work, Visualization, Analytics",Data Analyst
Morgan D23,Presentation Skills,BSc Computer Science,"BigQuery, Pandas, SQL, Tableau, ETL, Problem Solving, Excel","Market Research, Charts, Business Reports, Consulting, KPI Tracking, Analytics",Data Analyst
Nabin D18,Quick Learner,Diploma in Computer Science,"Excel, Agile, Scala, Data Pipelines, HTML, dbt, Airflow, Python, Pandas, SQL, Apache Spark","Analytics, Innovation, Dashboards, Tech Community, KPI Tracking",Data Analyst
Alex M2,Quick Learner,BE Computer Engineering,"CSS, Prototyping, Accessibility, Wireframing, React, Redux, REST APIs, Docker, HTML, Flutter, HTML CSS, Tailwind CSS, JWT, Color Theory, Figma, User Research, Swift, Next.js, Teamwork","Cross Platform, Startups, Creative Coding, Mobile Apps, Remote Work, Web Design",Mobile Developer
Dev B13,Attention to Detail,BTech Information Technology,"React, PostgreSQL, Tailwind CSS, Python, Linux, Docker, Teamwork, Communication, Problem Solving, JavaScript","Security, Learning, Server Logic, Startups, Career Growth, SaaS, Scalability",Backend Developer
Puja C34,Leadership,MCA,"HTML, CloudFormation, Network Security, Agile, Excel, Teamwork, Python, Nmap, Metasploit, Docker","Enterprise IT, Automation, Learning, Cloud Infrastructure, Career Growth, CI/CD",Cloud Engineer
Alex D18,Communication,BSc Computer Science,"Teamwork, Test Cases, Agile, NumPy, Linux, Python, SQL, HTML, TestNG, Excel, Postman, Bug Tracking, Statistics","Tech Community, Predictive Modeling, Model Deployment, Visualization, AI, Career Growth, Research",Data Scientist
Anita B4,Logical Thinking,MCA,"Communication, Ansible, CI/CD, Kubernetes, REST APIs, GitHub Actions, Express, AWS, Authentication, SQL","Server Logic, Security, Scalability, APIs, Backend Engineering",Backend Developer
Taylor U33,Teamwork,BSc Computer Science,"Tableau, Data Cleaning, Excel, AWS, Pandas, ETL, Adobe XD, Python","Career Growth, Learning, Creativity, Product Design, Startups, Design",UI/UX Designer
Meera D35,Creativity,BCA,"JavaScript, Java, Data Structures, Linux, C++, Problem Solving, Jenkins, Algorithms, SQL","Innovation, Infrastructure, Automation, Collaboration, Reliability, Tech Community",DevOps Engineer
Priya C18,Analytical Mindset,BSc Computer Science,"Docker, NumPy, JavaScript, Statistics, TensorFlow, Machine Learning, Tableau, Seaborn, Java","Ethical Hacking, Forensics, Blue Team, Security",Cybersecurity Analyst
Taylor B40,Teamwork,BE Software Engineering,"SQL, Java, System Design, Communication, Linux, Problem Solving, CI/CD, Microservices, Python, Authentication, REST APIs","Scalability, APIs, Problem Solving, Innovation, Freelancing, Software Systems",Backend Developer
Nabin M37,Quick Learner,Diploma in Computer Science,"Linux, PyTorch, Machine Learning, Communication, Python","Automation, Deep Learning, AI, Production ML, Research",Machine Learning Engineer
Sneha B37,Research,BE Electronics and Communication,"Agile, Node.js, Site Reliability, Docker, MongoDB, JavaScript, Prometheus, PostgreSQL","Scalability, Cloud, Server Logic, Security, Databases, APIs",Backend Developer
Morgan U31,Presentation Skills,BE Electronics and Communication,"User Research, Android Studio, Swift, Git, Kotlin, Adobe XD, Linux, Wireframing, Sketch, Design Systems","Design, Product Design, Mobile UX, Human Centered Design, User Experience",UI/UX Designer
Jordan F22,Research,BSc IT,"Git, Express, Docker, Nginx, Microservices, React, REST APIs, JavaScript","Freelancing, Creative Coding, Mobile Web, Startups, UI, Frontend, Learning",Frontend Developer
Nabin D6,Patience,BE Software Engineering,"Data Cleaning, Spark, NumPy, Redshift, Statistics, Python, SQL, Linux, Jupyter, Data Pipelines, Kafka, Agile, AWS, ETL, Snowflake","KPI Tracking, Learning, Analytics, Dashboards, Warehousing, Streaming",Data Analyst
Bikash D11,Presentation Skills,BE Software Engineering,"NumPy, Jupyter, Data Cleaning, Kafka, SQL, Statistics, TensorFlow, HTML, Java, Python, ETL, Problem Solving, Tableau, dbt, Reporting, Docker","Charts, Collaboration, Data Infrastructure, KPI Tracking, Learning, Analytics",Data Analyst
Maria M19,Problem Solving,BE Software Engineering,"SQL, Agile, Problem Solving, AWS, JavaScript, Swift, Linux, React Native","iOS, User Experience, Startups, App Store, Design, Career Growth",Mobile Developer
Sita F5,Analytical Mindset,BCA,"AWS, Responsive Design, TypeScript, Next.js, Problem Solving, Tailwind CSS, Linux, HTML","Web Design, User Experience, Mobile Web, Design Systems, UI, Frontend",Frontend Developer
Sneha F10,Creativity,BSc IT,"Figma, Java, Tailwind CSS, JavaScript, HTML, TypeScript","Open Source, Creative Coding, Frontend, User Experience, Mobile Web",Frontend Developer
James F4,Quick Learner,Diploma in Computer Science,"Firebase, HTML, Docker, SQL, Communication, Next.js, JavaScript, Kotlin, App Development, SQLite, Git, CSS, Flutter, React, Prototyping, User Research, Xcode, Responsive Design, Teamwork, Design Systems, HTML CSS, Visual Design, Sketch","UI, Mobile Apps, Collaboration, User Experience, Mobile Web, Frontend",Frontend Developer
Puja F22,Attention to Detail,MCA,"Node.js, JavaScript, Figma, Problem Solving, React, Tailwind CSS, REST APIs, SQL, TypeScript, PostgreSQL, HTML, Algorithms, Authentication, Testing, Agile, Nginx, Java","Full Stack, Product Building, Programming, Freelancing, Software Systems",Full Stack Developer
Samir D37,Research,Diploma in Computer Science,"Apache Spark, Python, AWS, Linux, Jupyter, Pandas, Seaborn, Spark, Tableau, Scala, ETL, Communication, Airflow, Statistics, Git","Big Data, Market Research, Tech Community, Pipelines, KPI Tracking, Dashboards, Learning",Data Analyst
Morgan D11,Problem Solving,BTech Information Technology,"Data Modeling, JavaScript, Scala, SQL, Apache Spark, Linux, Excel, Airflow, Java, Python","Data Analysis, Academia, Statistics",Data Scientist
Riya C6,Quick Learner,Diploma in Computer Science,"GCP, Nmap, Java, IAM, HTML, Network Security, Firewalls, Azure","Security, Threat Detection, Bug Bounty, Penetration Testing, Compliance, Forensics",Cybersecurity Analyst
Nabin M22,Creativity,BE Electronics and Communication,"Express, Accessibility, App Development, PostgreSQL, JavaScript, HTML, React, Kotlin, Visual Design, User Research, AWS, Docker, Adobe XD, Node.js, Tailwind CSS, Figma, Flutter, CSS, Color Theory, REST APIs","iOS, Collaboration, Cloud, Full Stack, App Store",Mobile Developer
Anita D30,Analytical Mindset,BE Software Engineering,"Data Cleaning, Power BI, Tableau, Teamwork, Python, Java, Looker, Agile, JavaScript, Communication","Market Research, Big Data, Freelancing, KPI Tracking, Business Reports, Warehousing",Data Analyst
Taylor F28,Attention to Detail,MCA,"Authentication, Communication, Next.js, Algorithms, Redis, TypeScript, JavaScript, Excel, REST APIs, Testing, MongoDB, GraphQL, Express, Node.js, HTML, Data Structures, Agile, Java, Python","Learning, Startups, Product Development, Product Building, Software Systems",Full Stack Developer
Morgan M18,Logical Thinking,MCA,"Responsive Design, Vue, Express, Docker, Visual Design, Teamwork, Flutter, Sketch, Java, Excel, Figma, Design Systems, Kotlin, App Development, Problem Solving, Accessibility, CSS, JavaScript, Tailwind CSS, User Research, Node.js, Webpack, React","Design, User Experience, Human Centered Design, Remote Work, Android",Mobile Developer
Bikash F4,Research,BSc Computer Science,"SQL, Express, Java, AWS, Swift, React Native, SQLite, Firebase","Freelancing, Innovation, Web Development, Tech Community, Startups, Full Stack",Full Stack Developer
Samir M25,Presentation Skills,BE Software Engineering,"Testing, Tableau, Spark, Deep Learning, Python, HTML, Kafka, System Design, SQL, Statistics, Airflow, Problem Solving, Java, Code Review, Agile, MLOps, CI/CD, Data Modeling, Apache Spark, Excel, Microservices, dbt","AI, Research, Remote Work, Learning, Model Deployment",Machine Learning Engineer
Samir S39,Communication,MCA,"Data Structures, Algorithms, APIs, Java, Linux, OOP, HTML","Mentorship, Scalable Systems, Engineering, Architecture, Reliability, Distributed Systems, Clean Code",Software Engineer
Maria C26,Presentation Skills,BE Electronics and Communication,"Redshift, Azure, Apache Spark, Node.js, Airflow, REST APIs, JavaScript, PostgreSQL, Python, Jenkins, Authentication, Hadoop, Problem Solving, Redis, Java, Kubernetes, Prometheus, SQL, Site Reliability, AWS, Kafka","Scalability, Streaming, Cloud Infrastructure, Big Data, Freelancing",Cloud Engineer
Jordan F14,Quick Learner,BCA,"Risk Assessment, Problem Solving, Incident Response, Excel, Nmap, HTML, Linux, Communication, Burp Suite, Wireshark, Cryptography","Freelancing, Side Projects, Product Building, Web Development",Full Stack Developer
Casey D13,Presentation Skills,BE Computer Engineering,"Deep Learning, SQL, Teamwork, Python, Data Pipelines, JavaScript, Problem Solving, Linux, Excel, NumPy, Tableau, Machine Learning, AWS, NLP, Redshift, Data Cleaning","Market Research, Freelancing, Business Reports, Research, Charts",Data Analyst
Rohan B22,Patience,BTech Information Technology,"Git, Swift, SQLite, HTML, Mobile UI, Firebase, MongoDB, Teamwork, Xcode, Flutter","Collaboration, Server Logic, Startups, Security, Career Growth, Databases",Backend Developer
Riya M1,Leadership,BTech Information Technology,"TypeScript, Tailwind CSS, Linux, Redux, HTML, Firebase, Flutter, Git, Agile","Learning, Collaboration, Mobile Apps, iOS",Mobile Developer
Taylor F39,Presentation Skills,Diploma in Computer Science,"Express, Agile, Git, JavaScript, Node.js, CSS, APIs, REST APIs, Python, HTML, GraphQL, React, MongoDB, Data Structures, Java, Accessibility, Redis, OOP","Cloud, Frontend, Full Stack, UI, Startups, Learning",Full Stack Developer
Alex F19,Communication,MCA,"User Research, App Development, HTML, TypeScript, AWS, JavaScript, Python, Linux, Firebase, Tailwind CSS, Agile, Color Theory, Java, Visual Design, Mobile UI, Figma, HTML CSS, Prototyping, React, Communication, Dart","Creativity, Creative Coding, Collaboration, Mobile Web",Frontend Developer
Riya M6,Quick Learner,BSc Computer Science,"JavaScript, Excel, User Research, Visual Design, Color Theory, Firebase, App Development, Swift, SQL","User Experience, App Store, Wearables, Mobile Apps, Cross Platform",Mobile Developer
Puja D34,Research,BSc IT,"NLP, Pandas, TensorFlow, Kafka, Tableau, PyTorch, Azure, Jupyter, Problem Solving, Scikit-learn, Spark, Load Balancing, Linux, AWS, SQL, Python, Airflow, Agile","Enterprise IT, Data Infrastructure, Pipelines, Startups",Data Engineer
Sita D9,Attention to Detail,MCA,"Java, Git, JavaScript, Agile, SQL, Problem Solving, AWS","Dashboards, Startups, Analytics, Research, Visualization, Remote Work",Data Analyst
Casey C11,Patience,MCA,"Networking, Wireshark, JavaScript, Shell Scripting, Network Security, Linux, Git, AWS, Firewalls, Metasploit, Nmap, CloudFormation","Bug Bounty, Forensics, Compliance, Ethical Hacking, Networks, Security",Cybersecurity Analyst
Rohan F1,Communication,BCA,"Node.js, JavaScript, Redux, Figma, Linux, HTML, Spring Boot, Python, Java, PostgreSQL, Problem Solving, SQL, Design Patterns, Testing, React, CSS, MongoDB, Tailwind CSS, REST APIs","User Experience, Startups, Web Development, Freelancing, Full Stack",Full Stack Developer
Puja M38,Presentation Skills,BTech Information Technology,"React Native, Swift, HTML, Android Studio, Java, TypeScript, JavaScript, Firebase, REST APIs","Game Dev, Startups, App Store, Mobile Apps, User Experience",Mobile Developer
Priya Q37,Communication,BE Electronics and Communication,"Selenium, Kubernetes, PostgreSQL, Agile, Git, REST APIs, Test Cases, Nginx, Authentication, SQL, OOP, Cypress, Linux, Node.js, Teamwork, GitHub Actions, Data Structures, Problem Solving, CI/CD, Docker, APIs","Automation, Innovation, Product Development, Software Quality, Testing",QA Engineer
Alex F12,Analytical Mindset,BCA,"AWS, Figma, User Research, App Development, Agile, REST APIs, Kotlin, HTML, Xcode, JavaScript, React Native, Prototyping, Docker, Color Theory, Express, CSS, React, Miro, Java, Wireframing, JWT, Communication","Startups, Web Development, User Experience, Web Design",Frontend Developer
Aarav U18,Leadership,BSc Computer Science,"React Native, Xcode, Python, Kotlin, Next.js, Communication, Git, Android Studio, Wireframing, SQL, Sketch, Visual Design, Mobile UI, App Development, Responsive Design, CSS, TypeScript","Human Centered Design, Design, Career Growth, Mobile Web, Freelancing",UI/UX Designer
Puja D4,Problem Solving,BSc Computer Science,"Statistics, Pandas, Java, Problem Solving, Tableau, Teamwork","Research, AI, Big Data, Predictive Modeling, Healthcare Analytics, Data Analysis",Data Scientist
Arjun D26,Patience,BE Software Engineering,"Python, Airflow, Jupyter, Reporting, Excel, HTML, R, Apache Spark, SQL, Seaborn, Scikit-learn, Agile, Snowflake, Deep Learning","Market Research, Streaming, Career Growth, Business Reports, KPI Tracking, ETL, Freelancing",Data Analyst
Casey F16,Research,BSc IT,"Docker, Excel, Linux, AWS, Problem Solving, Teamwork, JavaScript","Cloud, Learning, Career Growth, Web Development, Product Development, Product Building, Software Systems",Full Stack Developer
Bikash F41,Logical Thinking,BE Electronics and Communication,"Flutter, HTML, Prototyping, Accessibility, React, Adobe XD, Java, Android Studio, JavaScript, Typography, TypeScript, Visual Design, PostgreSQL, Mobile UI, Tailwind CSS, Push Notifications, Git, Sketch, CSS, Kotlin, Node.js, Firebase","User Experience, Innovation, Frontend, Web Design, Mobile Web",Frontend Developer
Rohan C43,Problem Solving,Diploma in Computer Science,"Helm, JavaScript, Linux, Python, Site Reliability, Networking, Ansible, CloudFormation, Kubernetes, Azure, Load Balancing","Cost Optimization, Automation, Cloud Infrastructure, Scalability, Enterprise IT, Migration Projects",Cloud Engineer
James M27,Presentation Skills,MCA,"HTML, Typography, AWS, Python, Tailwind CSS, Wireframing, React, Redux, Flutter, MongoDB, Express, Color Theory, Prototyping, App Development, TypeScript, User Research, JWT, Figma, Java, Git","Product Design, Mobile Apps, Freelancing, App Store",Mobile Developer
Morgan C30,Presentation Skills,BSc IT,"Express, Redshift, ETL, MongoDB, SQL, Kafka, Docker, CloudFormation, Linux, Apache Spark, Terraform, REST APIs, IAM, Agile, CI/CD, Kubernetes, Prometheus, AWS, Microservices","Automation, Warehousing, Remote Work, Scalability",Cloud Engineer
Maria M38,Attention to Detail,BSc Computer Science,"SQL, NumPy, ETL, Algorithms, Python, Microservices, dbt, Scikit-learn, JavaScript, Deep Learning, Excel, Docker, Machine Learning, PyTorch","Model Deployment, Research, Startups",Machine Learning Engineer
Kiran Q5,Problem Solving,BE Computer Engineering,"Agile, AWS, API Testing, Kubernetes, Teamwork, Site Reliability, GitHub Actions, Jira, Manual Testing","Release Management, Defect Management, Security Testing, Testing, Automation, Quality Assurance, Software Quality",QA Engineer
Aarav F43,Creativity,BCA,"Python, Model Deployment, Deep Learning, HTML, PyTorch, CSS, Problem Solving, Scikit-learn, TensorFlow, SQL, Feature Engineering","Full Stack, SaaS, Remote Work, Career Growth, Cloud",Full Stack Developer
Meera F42,Patience,Diploma in Computer Science,"CSS, Responsive Design, Teamwork, Excel, TypeScript, Python","UI, User Experience, Mobile Web, Freelancing, Open Source",Frontend Developer
Rohan D25,Research,BE Computer Engineering,"Java, Terraform, CI/CD, Git, Agile, Docker","Automation, Deployment, Cloud Native, Infrastructure, CI/CD, Platform Engineering",DevOps Engineer
Puja B16,Presentation Skills,BE Software Engineering,"Java, Git, Terraform, Kubernetes, HTML, CI/CD, Problem Solving, Helm, Site Reliability, Prometheus","Scalability, Architecture, Databases, Performance, Server Logic, System Design",Backend Developer
Alex M20,Analytical Mindset,BSc IT,"TensorFlow, dbt, Linux, SQL, Spark, PyTorch, System Design, Python, Java, Data Structures, Airflow, Teamwork, R, Scikit-learn, JavaScript, ETL, Testing","Deep Learning, Research, Remote Work, Model Deployment, Career Growth, Predictive Modeling",Machine Learning Engineer
Arjun S43,Attention to Detail,BTech Information Technology,"Data Structures, Teamwork, Algorithms, Linux, Communication, Excel, Git","Tech Community, Engineering, Clean Code, Innovation, Software Systems",Software Engineer
Anu U1,Research,BSc Computer Science,"AWS, Visual Design, OOP, Design Patterns, Sketch, Docker, Python, Problem Solving","Innovation, Collaboration, Design, Human Centered Design, Product Design",UI/UX Designer
Riley S25,Creativity,BTech Information Technology,"JavaScript, Algorithms, System Design, Code Review, SQL, Data Structures, HTML","Reliability, Architecture, Mentorship, Scalable Systems, Engineering",Software Engineer
Anita C45,Leadership,BCA,"Communication, CI/CD, Terraform, Java, Firewalls, Network Security, Monitoring, Metasploit, Incident Response, Excel","Compliance, Red Team, Forensics, Ethical Hacking, Threat Detection",Cybersecurity Analyst
Meera M19,Analytical Mindset,Diploma in Computer Science,"AWS, TensorFlow, Git, Machine Learning, Python, Deep Learning","Research, LLMs, Model Deployment, Deep Learning, AI",Machine Learning Engineer
Maria U7,Logical Thinking,Diploma in Computer Science,"Sketch, Teamwork, Prototyping, Communication, Design Systems, Figma, Adobe XD, Problem Solving","Design, Product Design, Mobile UX, Human Centered Design, Creativity, Design Thinking, User Experience",UI/UX Designer
Samir B15,Presentation Skills,BCA,"REST APIs, Node.js, HTML, OOP, CI/CD, Agile, JavaScript, SQL, Communication, TypeScript, Authentication, GitHub Actions, Jenkins, Problem Solving, Python, PostgreSQL, Kubernetes, Excel","Server Logic, Security, Coding, Tech Community, Product Development",Backend Developer
Puja C25,Analytical Mindset,BTech Information Technology,"SQL, Express, Kubernetes, Hadoop, Apache Spark, Prometheus, IAM, Terraform, Azure, REST APIs, Python, Git, Microservices, Infrastructure as Code, dbt, AWS, Java, Docker, Networking, Problem Solving, Kafka, Ansible","Career Growth, ETL, Cloud Infrastructure, Automation, Startups, Enterprise IT, Pipelines",Cloud Engineer
Meera Q35,Creativity,Diploma in Computer Science,"Microservices, CI/CD, OOP, HTML, Kubernetes, Ansible, Terraform, Infrastructure as Code, MongoDB, APIs, Agile, Java, Teamwork, Excel, Linux, Cypress, Spring Boot, Express, Node.js, Python, Monitoring, API Testing","Software Quality, Career Growth, Automation, Learning",QA Engineer
Priya F30,Attention to Detail,BTech Information Technology,"REST APIs, Authentication, Linux, Python, JavaScript, Node.js, Problem Solving, MongoDB, Algorithms, React, Redux, Docker, OOP, SQL, Data Structures, C++, APIs, Express, Responsive Design, CSS","Coding, Product Development, Collaboration, Cloud, Startups",Full Stack Developer
Riya M36,Problem Solving,BE Software Engineering,"Machine Learning, Excel, JavaScript, Communication, Git, Computer Vision, Python, Java, Docker","Learning, Automation, Freelancing, Neural Networks, Big Data, Deep Learning",Machine Learning Engineer
Priya D42,Creativity,BE Software Engineering,"Power BI, Data Cleaning, Tableau, Docker, Agile","Finance, Analytics, Market Research, Business Reports, Charts",Data Analyst
Casey U16,Teamwork,BCA,"Adobe XD, Python, Docker, AWS, SIEM, User Research, Kali Linux, Incident Response, Problem Solving, Linux","Mobile Web, Product Design, Career Growth, Web Design, Human Centered Design",UI/UX Designer
Taylor M10,Creativity,BCA,"Figma, Tailwind CSS, TypeScript, Redux, React, Python, JavaScript, HTML, Java, Communication","AI, Neural Networks, Model Deployment, Research, Freelancing, Career Growth",Machine Learning Engineer
Maria D23,Research,BE Computer Engineering,"R, Teamwork, TensorFlow, Scikit-learn, Security, Python, IAM, HTML, Java, Model Deployment, MLOps, Airflow, Docker, Linux, Azure, Data Pipelines","Warehousing, Cloud Infrastructure, ETL, Startups",Data Engineer
Arjun D12,Attention to Detail,BE Electronics and Communication,"NumPy, Tableau, Statistics, Power BI, Agile, R, Pandas, Python","Predictive Modeling, Research, Startups, AI, Learning",Data Scientist
Aarav U15,Patience,BE Electronics and Communication,"Java, Jenkins, Infrastructure as Code, Visual Design, Terraform, Site Reliability, Agile","Collaboration, Learning, Human Centered Design, Startups, Design, User Experience",UI/UX Designer
Maria S34,Teamwork,BCA,"Data Visualization, Tableau, Java, Communication, Machine Learning, Scikit-learn, R, Matplotlib, Linux, Git, Pandas","Startups, Programming, Problem Solving, Software Systems, Coding",Software Developer
Riley F24,Presentation Skills,BSc Computer Science,"Responsive Design, HTML, CSS, Design Patterns, Teamwork, Webpack, Linux, Tailwind CSS, Figma, SQL, Nginx, Node.js, Java, Data Structures, MongoDB, Express, APIs, Algorithms","Programming, SaaS, Career Growth, Web Development",Full Stack Developer
Samir S23,Communication,BCA,"Agile, Java, Linux, CI/CD, Algorithms, Express, System Design, Teamwork, Microservices, Testing","Performance, Reliability, Architecture, Mentorship, Engineering, Clean Code",Software Engineer
Casey D13,Attention to Detail,BE Software Engineering,"NLP, Tableau, Data Cleaning, Teamwork, R, Pandas, Excel, ETL, Python, SQL","Visualization, Research, AI, Predictive Modeling, Statistics, Finance, Academia",Data Scientist
Samir F27,Quick Learner,BE Electronics and Communication,"Git, Grafana, CI/CD, Site Reliability, HTML, Tailwind CSS, Prometheus, Kubernetes, Terraform, JavaScript, Problem Solving, Linux","Open Source, Web Design, Frontend, Design Systems",Frontend Developer
Riya D27,Communication,BTech Information Technology,"Machine Learning, Data Pipelines, SQL, Kafka, Feature Engineering, Linux, Scikit-learn, Shell Scripting, NLP, VPC, Python, R, Agile, Deep Learning, Jupyter, CloudFormation, Azure, NumPy, Apache Spark, IAM, MLOps","Research, Startups, Deep Learning, Data Infrastructure, Pipelines, Big Data",Data Engineer
Nabin S38,Presentation Skills,BTech Information Technology,"Algorithms, Agile, CI/CD, Data Structures, Teamwork, Testing, HTML, SQL","Performance, Architecture, Engineering, Reliability, Scalable Systems, Clean Code",Software Engineer
Sita M29,Patience,BCA,"HTML, NLP, Deep Learning, MLOps, Problem Solving, Machine Learning, Docker, Scikit-learn","Research, Automation, Neural Networks, Deep Learning, LLMs, Computer Vision, Model Deployment",Machine Learning Engineer
Arjun F37,Presentation Skills,BSc Computer Science,"JavaScript, Problem Solving, HTML, SQL, Java, Git","UI, Product Building, Web Design, Collaboration",Frontend Developer
Riya M43,Logical Thinking,BCA,"Webpack, Adobe XD, Flutter, TypeScript, Prototyping, Linux, Miro, Sketch, React Native, JavaScript, React, HTML, Express, Docker, Tailwind CSS, Agile, Firebase, MongoDB, Design Systems, Visual Design","User Experience, Cross Platform, Human Centered Design, Learning, Android, Startups",Mobile Developer
Anu D19,Attention to Detail,BE Computer Engineering,"Microservices, Design Patterns, Java, Python, SQL, Git, Code Review, Linux, System Design, Algorithms, HTML","Pipelines, ETL, Data Infrastructure, Real-time Analytics, Data Quality",Data Engineer
Bikash D36,Attention to Detail,BSc IT,"Tableau, ETL, Problem Solving, Kafka, R, Excel, Data Cleaning, Teamwork, Agile, PyTorch, Snowflake, Python, SQL, Communication, Deep Learning, Data Pipelines, Computer Vision, Pandas, Linux, dbt, Airflow, NumPy","Big Data, Startups, Data Infrastructure, Predictive Modeling",Data Scientist
Arjun D14,Communication,BE Software Engineering,"Reporting, SQL, Seaborn, Pandas, Python, JavaScript, dbt, ETL, Linux, Kafka, Tableau, Docker, Git, Scikit-learn","KPI Tracking, Data Infrastructure, Startups, Dashboards, Market Research, Streaming, Career Growth",Data Analyst
Puja M33,Creativity,BSc Computer Science,"Design Systems, SQL, Adobe XD, Teamwork, Visual Design, Accessibility, Sketch, Wireframing, TensorFlow","Learning, Innovation, Deep Learning, Research",Machine Learning Engineer
Bikash U12,Teamwork,BCA,"Prototyping, Tailwind CSS, Mobile UI, Xcode, Firebase, Redux, TypeScript, CSS, Problem Solving, Figma, User Research, Excel, AWS, Docker, HTML, Swift","Remote Work, Cross Platform, Creativity, Product Design, Innovation",UI/UX Designer
Kiran D3,Communication,BE Electronics and Communication,"Scikit-learn, Tableau, Statistics, Problem Solving, Communication, R","Startups, Predictive Modeling, Big Data, Data Analysis, Automation, Visualization, AI",Data Scientist
Arjun U17,Leadership,MCA,"Android Studio, Adobe XD, Typography, SQL, AWS, Figma, Swift, Kotlin, Git, Mobile UI, Prototyping, User Research","Creativity, Usability Testing, User Experience, Design",UI/UX Designer
Anu D23,Leadership,BE Computer Engineering,"Communication, CloudFormation, Azure, JavaScript, Python, Agile, Java, Load Balancing, Pandas, Linux, Excel","Research, Charts, Statistics, Analytics, Visualization, Startups",Data Scientist
Aarav D12,Presentation Skills,BE Computer Engineering,"Git, JavaScript, Docker, AWS, Ansible, GraphQL, PostgreSQL, Linux, Excel, MongoDB","Startups, Infrastructure, Server Logic, APIs, CI/CD",DevOps Engineer
Dev C18,Leadership,BE Electronics and Communication,"PostgreSQL, SQL, Kafka, Kubernetes, AWS, Data Pipelines, Excel, Communication, Hadoop, Microservices, Apache Spark, Helm, MongoDB, ETL, Snowflake, Site Reliability, CI/CD, Python, IAM, Agile","Server Logic, Cloud Infrastructure, Startups, Enterprise IT",Cloud Engineer
Puja D25,Problem Solving,BSc Computer Science,"Airflow, SQL, Statistics, Power BI, Problem Solving, Apache Spark, Redshift, Deep Learning, AWS, NumPy, Python, Java, Jupyter","Analytics, Dashboards, Streaming, Startups, Remote Work",Data Analyst
Riya U30,Analytical Mindset,BSc Computer Science,"HTML, Python, Git, Figma, Linux, Teamwork, Communication","Creativity, Web Design, Innovation, Learning, Product Design",UI/UX Designer
Riley S13,Presentation Skills,BE Computer Engineering,"Test Cases, Test Automation, JUnit, Agile, SQL, Postman, Selenium, Data Structures, Bug Tracking, CI/CD","Learning, Architecture, Scalable Systems, Reliability, Engineering, Tech Community, Remote Work",Software Engineer
Bikash B1,Logical Thinking,BTech Information Technology,"Network Security, Metasploit, Incident Response, HTML, Authentication, Git, Excel, Python, SQL, Teamwork","Coding, Software Systems, Security, Scalability, Startups",Backend Developer
Arjun D8,Analytical Mindset,MCA,"Color Theory, Figma, User Research, Docker, Visual Design, Sketch, Git, HTML, Wireframing, Agile, Tableau, Adobe XD, Communication, HTML CSS","Data Analysis, AI, Predictive Modeling, Statistics, Academia",Data Scientist
Sneha M7,Patience,BSc Computer Science,"Typography, Agile, Figma, Node.js, Java, Kotlin, Responsive Design, AWS, JWT, Swift, SQL, HTML, Git, React, JavaScript, REST APIs, Redux, TypeScript, Prototyping, Adobe XD, Express","Frontend, iOS, Cross Platform, Startups",Mobile Developer
Maria D19,Logical Thinking,BCA,"Java, Algorithms, Testing, Linux, Design Patterns, Agile, JavaScript, Ansible, System Design, Microservices, Teamwork, Data Structures","Automation, Deployment, Containers, CI/CD, Cloud Native",DevOps Engineer
Maria B11,Attention to Detail,BSc Computer Science,"Jenkins, Docker, Problem Solving, Node.js, Agile, Site Reliability, Grafana, Linux, Git, Teamwork, Authentication, Excel","Security, Collaboration, Product Development, Databases, APIs, Programming",Backend Developer
Rohan D22,Leadership,BSc Computer Science,"Express, Python, AWS, SQL, CI/CD, Linux, Microservices, Testing, Java, VPC, Ansible, MongoDB, Azure, Nginx, Docker, Problem Solving","Learning, Collaboration, Engineering, Reliability, Infrastructure, Deployment",DevOps Engineer
Dev F36,Teamwork,BE Computer Engineering,"Statistics, Communication, JavaScript, Teamwork, Excel, ETL, Docker, SQL, Python","Software Systems, Startups, Innovation, Programming, Full Stack",Full Stack Developer
Riley B32,Logical Thinking,BE Software Engineering,"Redis, Communication, Microservices, HTML, Express, PostgreSQL, MongoDB, SQL","Scalability, Server Logic, Performance, Backend Engineering, Security, Databases",Backend Developer
Nabin D44,Leadership,BCA,"Swift, Scikit-learn, App Development, Kotlin, State Management, HTML, React Native, Problem Solving, Linux, SQLite, R","Research, Freelancing, Innovation, Statistics, Tech Community",Data Scientist
James F13,Problem Solving,BSc Computer Science,"Agile, HTML, SQL, AWS, Responsive Design, Git, Communication, Problem Solving","User Experience, Creative Coding, Career Growth, UI, Remote Work, Product Design, Creativity",Frontend Developer
Bikash D22,Quick Learner,BE Software Engineering,"Jupyter, Excel, Python, Git, Spark, Machine Learning, Tableau, PyTorch, Deep Learning, VPC, SQL, Linux, CloudFormation, Networking, Scikit-learn, Model Deployment","Big Data, Data Infrastructure, Collaboration, Tech Community, Streaming, Data Analysis",Data Engineer
Priya S17,Quick Learner,BTech Information Technology,"Linux, Docker, SQL, Microservices, Python, JavaScript, Terraform, Problem Solving, Agile, Prometheus, Node.js, MongoDB, Algorithms, Nginx, OOP, Jenkins, Kubernetes, Excel, CI/CD, Express","Engineering, Reliability, Deployment, Automation, Career Growth",Software Engineer
Alex M33,Quick Learner,BE Electronics and Communication,"App Development, Git, Firebase, Swift, Linux, Kotlin","Mobile Performance, iOS, Mobile Apps, Android, Game Dev",Mobile Developer
Kiran F45,Logical Thinking,BCA,"Teamwork, MongoDB, HTML, Problem Solving, AWS, Agile, Communication, Express","Product Building, Freelancing, SaaS, Databases, Web Development, Collaboration",Full Stack Developer
Riya Q24,Attention to Detail,BTech Information Technology,"Java, Prometheus, Python, Kubernetes, Jenkins, AWS, Problem Solving, Bug Tracking, Redis, Testing, PostgreSQL, Express, Docker, Selenium, Postman, Helm, MongoDB, HTML, Algorithms, Git, Terraform, Authentication","Startups, Problem Solving, Software Quality, Remote Work, Programming, Defect Management",QA Engineer
Samir M4,Teamwork,BCA,"Xcode, Flutter, PyTorch, Firebase, HTML, Kotlin, Android Studio, Java, Communication, Git, Mobile UI, Linux","AI, Deep Learning, Neural Networks, NLP, Model Deployment",Machine Learning Engineer
Riley U9,Presentation Skills,BSc IT,"Sketch, JavaScript, AWS, Problem Solving, Figma, Visual Design","Design, User Experience, Human Centered Design, Creativity, Usability Testing",UI/UX Designer
Rohan S8,Teamwork,BCA,"CSS, Java, Authentication, React, AWS, Excel, Express, HTML, Tailwind CSS, Data Structures, MongoDB, Spring Boot, Python, Node.js, Distributed Systems, PostgreSQL, SQL, Microservices, CI/CD, Algorithms, Redis","Collaboration, Programming, Scalable Systems, Coding, Architecture",Software Developer
Dev F39,Attention to Detail,BE Computer Engineering,"Teamwork, AWS, SQL, Docker, HTML, Git","Android, Creative Coding, Tech Community, User Experience",Frontend Developer
Taylor M44,Research,BE Electronics and Communication,"Agile, Machine Learning, JavaScript, React, TypeScript, Webpack, Figma, Tailwind CSS, Git, Responsive Design, Problem Solving","Model Deployment, NLP, Robotics, Deep Learning",Machine Learning Engineer
Jordan M16,Attention to Detail,MCA,"REST APIs, Communication, Node.js, Java, Express, Microservices, Teamwork, MLOps, Docker, Nginx, Python, Linux, Authentication, MongoDB","AI, Deep Learning, Model Deployment, NLP, Research",Machine Learning Engineer
Sita B3,Communication,BE Electronics and Communication,"Node.js, Microservices, Agile, Algorithms, Grafana, Terraform, Kubernetes, CI/CD, Linux, PostgreSQL, Python, Tailwind CSS, HTML, Express, Communication, Data Structures, Docker","Databases, Remote Work, Server Logic, Startups",Backend Developer
Maria F14,Research,BTech Information Technology,"CSS, Excel, Linux, Java, Agile, Teamwork, Docker, SQL","Web Design, Full Stack, Web Development, Tech Community, Creative Coding, Mobile Web",Frontend Developer
Priya D32,Analytical Mindset,BCA,"Tableau, Deep Learning, R, HTML, Python","Predictive Modeling, Finance, Big Data, Data Analysis, Automation",Data Scientist
Kiran C32,Communication,Diploma in Computer Science,"Jira, Test Cases, Appium, API Testing, CloudFormation, Communication, Bug Tracking, JUnit, AWS, Azure, Postman","Startups, Freelancing, Scalability, Automation",Cloud Engineer
Jordan C39,Teamwork,MCA,"Agile, SIEM, Git, GCP, Terraform, Azure, Linux, Firewalls, AWS, Excel","Innovation, Ethical Hacking, Tech Community, Compliance, Infrastructure, Networks",Cybersecurity Analyst
Anu D20,Creativity,BE Software Engineering,"Python, Kafka, Pandas, Reporting, Snowflake, Java, Teamwork, Agile, Data Visualization, Data Pipelines, Statistics, Scala, SQL, Apache Spark, Airflow","Analytics, Charts, Freelancing, Statistics, Dashboards",Data Analyst
Riley C26,Attention to Detail,BSc IT,"Git, Incident Response, Wireshark, AWS, CloudFormation, SQL, Monitoring, IAM, Nmap","Ethical Hacking, Networks, Forensics, Threat Detection, Penetration Testing, Bug Bounty",Cybersecurity Analyst
Riley D41,Quick Learner,BCA,"IAM, Terraform, R, VPC, Networking, Java, Git, AWS, MLOps, Deep Learning, JavaScript, SQL, Statistics, Airflow, Tableau, Python, Computer Vision, Matplotlib, PyTorch","Pipelines, Scalability, Streaming, Tech Community, Freelancing",Data Engineer
Rohan U44,Research,BSc IT,"Linux, Webpack, Mobile UI, Xcode, Flutter, CSS, User Research, Responsive Design, Adobe XD, Kotlin, Tailwind CSS, Git, Java, JavaScript, Accessibility","User Experience, Product Design, Innovation, Collaboration, Creativity",UI/UX Designer
James D26,Logical Thinking,BE Software Engineering,"Python, JavaScript, Networking, System Design, Node.js, Excel, Distributed Systems, CloudFormation, Agile, Jenkins, Linux, Terraform, AWS, HTML, CI/CD, Microservices, Java, Data Structures, REST APIs, Shell Scripting, VPC, PostgreSQL, SQL","APIs, Infrastructure, CI/CD, Deployment, Freelancing",DevOps Engineer
Nabin U28,Patience,BSc Computer Science,"Java, HTML, Python, Algorithms, System Design, Visual Design, Problem Solving, Data Structures","Creativity, Freelancing, User Experience, Career Growth",UI/UX Designer
Arjun D24,Research,BTech Information Technology,"SQL, Teamwork, IAM, HTML, CI/CD, System Design, AWS, Nginx, CloudFormation, PostgreSQL, Ansible, Excel, JavaScript, Express, Redis, REST APIs, Authentication, VPC, Design Patterns, Java","Infrastructure, Remote Work, System Design, Automation, Freelancing",DevOps Engineer
Arjun B45,Problem Solving,BE Computer Engineering,"Express, PostgreSQL, Git, HTML, REST APIs, Microservices, Java","Databases, APIs, System Design, Architecture, Security",Backend Developer
Nabin S21,Patience,BE Electronics and Communication,"JavaScript, SQL, Docker, Microservices, Java, Linux, HTML, Communication","Infrastructure, Reliability, Learning, Innovation, Clean Code, Scalable Systems",Software Engineer
Rohan D16,Teamwork,Diploma in Computer Science,"Excel, Java, Jupyter, AWS, Git, Tableau, JavaScript, Agile","Charts, Visualization, Collaboration, AI, Analytics, Freelancing",Data Scientist
Sita C21,Attention to Detail,BTech Information Technology,"Nmap, JavaScript, Wireshark, Python, Git, Cryptography","Forensics, Ethical Hacking, Threat Detection, Networks, Blue Team, Security, Penetration Testing",Cybersecurity Analyst
Riya D9,Teamwork,BSc Computer Science,"Docker, NLP, Problem Solving, PyTorch, Computer Vision, Data Pipelines, Machine Learning, SQL, Spark, Statistics, Load Balancing, CloudFormation, Tableau, Networking, Linux, Deep Learning, Feature Engineering, Python, Azure, MLOps, Kafka, HTML","Streaming, Data Infrastructure, Cloud Infrastructure, Scalability, Remote Work",Data Engineer
Puja Q30,Analytical Mindset,BSc IT,"SQL, Docker, Linux, Excel, Selenium, Python","Defect Management, Software Systems, Freelancing, Programming, Automation",QA Engineer
Puja U8,Problem Solving,BSc IT,"Linux, Risk Assessment, Firewalls, Java, Python, Excel, Adobe XD, Git, Wireshark, Nmap","Product Design, Creativity, Learning, Web Design, Design",UI/UX Designer
James F38,Creativity,BE Software Engineering,"Teamwork, Next.js, Node.js, AWS, CSS, JavaScript, TypeScript, Express","Full Stack, MERN Stack, Product Building, Startups, Cloud, Side Projects, SaaS",Full Stack Developer
Anu S7,Patience,BE Software Engineering,"Express, Microservices, MongoDB, Linux, Node.js, Redis, SQL, Java, React, Problem Solving, Design Patterns, OOP, CI/CD, HTML, Testing, AWS, Next.js, Python","Programming, Career Growth, Reliability, Problem Solving, Learning",Software Developer
Puja C7,Patience,Diploma in Computer Science,"SQL, AWS, IAM, Grafana, Linux, Docker, Site Reliability, Agile, Shell Scripting","Enterprise IT, Scalability, Cloud Infrastructure, Hybrid Cloud, Automation",Cloud Engineer
Sneha C28,Leadership,BSc IT,"React, Excel, JavaScript, Vue, Linux, Figma, Terraform, TypeScript, HTML, AWS, IAM","Career Growth, Scalability, Collaboration, Cloud Infrastructure, Enterprise IT, Learning",Cloud Engineer
Bikash Q7,Creativity,BSc Computer Science,"Authentication, Selenium, Linux, HTML, MongoDB, Manual Testing, SQL, Python, Docker, Microservices, GitHub Actions, Java, Algorithms, Node.js, Jenkins, JavaScript, CI/CD, AWS, Problem Solving, Bug Tracking","Automation, Innovation, Quality Assurance, Career Growth, Infrastructure",QA Engineer
Aarav F44,Quick Learner,BTech Information Technology,"REST APIs, AWS, HTML, CSS, React, Agile","Product Building, MERN Stack, Cloud, SaaS, Startups, Freelancing, Web Development",Full Stack Developer
Priya D5,Attention to Detail,MCA,"SQL, Excel, Color Theory, Communication, Apache Spark, Git, Adobe XD, Python, Visual Design","Visualization, Streaming, Big Data, Pipelines, Learning, Remote Work",Data Engineer
Puja C2,Attention to Detail,Diploma in Computer Science,"Docker, HTML, Teamwork, Networking, SQL, Communication, Agile","Cloud Infrastructure, Automation, Learning, Scalability, Reliability",Cloud Engineer
Bikash S32,Logical Thinking,BSc IT,"Python, JavaScript, MongoDB, REST APIs, SQL, CI/CD, TypeScript, Design Patterns, Redis, Microservices, System Design, Data Structures, AWS, Express, Node.js, Problem Solving, Teamwork","Problem Solving, Tech Community, Product Development, Web Development",Software Developer
Jordan S18,Attention to Detail,BCA,"PostgreSQL, Express, Redis, Node.js, Data Structures, Java, Git, Communication, Code Review, Excel, Python, Microservices, Linux, HTML, SQL, JavaScript, REST APIs, React","Architecture, Software Systems, Collaboration, Problem Solving, Programming, Scalable Systems, Freelancing",Software Developer
Alex C21,Creativity,BE Computer Engineering,"Python, Data Pipelines, IAM, SQL, Data Modeling, Communication, Shell Scripting, Azure, CloudFormation, Kafka","Enterprise IT, Automation, Scalability, Cost Optimization, Cloud Infrastructure, Hybrid Cloud",Cloud Engineer
Maria C29,Patience,BCA,"GCP, Authentication, Java, Linux, PostgreSQL, SQL, AWS, Python, Networking, CloudFormation","Automation, Enterprise IT, Cloud Infrastructure, Scalability, Hybrid Cloud, Certifications",Cloud Engineer
Rohan D3,Analytical Mindset,BE Software Engineering,"Color Theory, Wireframing, Ansible, JavaScript, Git, Agile, Java, HTML, Figma, AWS, Python","Deployment, Automation, Freelancing, Security, Tech Community",DevOps Engineer
Alex M15,Logical Thinking,BSc Computer Science,"Kotlin, SQL, App Development, Mobile UI, JavaScript, Swift","User Experience, App Store, Startups, iOS, Android",Mobile Developer
Puja M28,Attention to Detail,Diploma in Computer Science,"Network Security, Firewalls, Communication, Burp Suite, Docker, Wireshark, Incident Response, Nmap, SIEM, Metasploit, Python","Neural Networks, Automation, NLP, Deep Learning, Robotics, Model Deployment",Machine Learning Engineer
Anita F17,Teamwork,BE Electronics and Communication,"MongoDB, JavaScript, HTML, AWS, CSS, Agile","Tech Community, Mobile Web, Creative Coding, Collaboration, UI",Frontend Developer
Priya D15,Analytical Mindset,BSc IT,"Nmap, Teamwork, HTML, Network Security, SIEM, Incident Response, Tableau, JavaScript, Cryptography, Firewalls, Burp Suite, Splunk, Linux","Data Analysis, Predictive Modeling, AI, Finance",Data Scientist
Alex C20,Patience,Diploma in Computer Science,"Teamwork, Firewalls, CI/CD, System Design, Problem Solving, Code Review, Algorithms, Data Structures, Docker, Microservices, Design Patterns, Linux, Java","Threat Detection, Bug Bounty, Red Team, Forensics",Cybersecurity Analyst
Kiran D29,Presentation Skills,BSc IT,"Data Pipelines, Wireframing, Color Theory, Python, Teamwork, HTML, JavaScript, Docker, Adobe XD, ETL, Figma, AWS","Data Infrastructure, Tech Community, Streaming, Model Deployment",Data Engineer
James Q19,Teamwork,BE Computer Engineering,"Test Automation, API Testing, Manual Testing, SQL, HTML, Cypress, Java, Selenium","Defect Management, SDET Path, Quality Assurance, Software Quality, Testing",QA Engineer
Morgan U39,Communication,BSc Computer Science,"SQL, HTML, Linux, Power BI, ETL, R, Excel, Tableau, Java, Pandas, Agile, Reporting","Design, Usability Testing, Human Centered Design, User Experience, Design Thinking",UI/UX Designer
Casey M7,Logical Thinking,BTech Information Technology,"Hadoop, CI/CD, Python, Docker, Machine Learning, ETL, SQL, Linux, Code Review, Pandas, JavaScript, Microservices, Deep Learning, Testing, Problem Solving, PyTorch, Statistics, Agile, Algorithms","Clean Code, Automation, Neural Networks, Collaboration",Machine Learning Engineer
Anita F40,Analytical Mindset,BE Computer Engineering,"TypeScript, Authentication, REST APIs, HTML, React, PostgreSQL, JavaScript, Linux, OOP, Spring Boot, Agile, Express, CSS, GraphQL, Java, Python, Communication","Startups, Coding, SaaS, Innovation",Full Stack Developer
James D11,Creativity,BSc Computer Science,"R, Git, Apache Spark, VPC, Scikit-learn, Computer Vision, Machine Learning, Teamwork, Deep Learning, Python, Terraform, Excel, Feature Engineering, SQL, Agile, Seaborn, Azure, IAM, Jupyter","Pipelines, Data Infrastructure, Neural Networks, Collaboration",Data Engineer
Jordan M30,Quick Learner,BE Electronics and Communication,"Matplotlib, SQL, Excel, Pandas, Reporting, Mobile UI, Tableau, Swift","Tech Community, iOS, User Experience, App Store, Startups",Mobile Developer
Alex D37,Teamwork,Diploma in Computer Science,"SQL, Scikit-learn, Feature Engineering, Redshift, Data Pipelines, Kafka, Python, Docker, NLP, PyTorch, Machine Learning, Reporting, Excel, Matplotlib, HTML, Looker, Data Cleaning, Data Modeling, Java","Remote Work, Learning, Visualization, Market Research, Data Analysis, AI, Dashboards",Data Scientist
Sita D12,Attention to Detail,BE Electronics and Communication,"Kafka, Airflow, Docker, TensorFlow, Scikit-learn, Azure, Python, Computer Vision, Deep Learning, SQL, Java, Model Deployment, Excel, Machine Learning, AWS, Problem Solving, GCP, Tableau, Networking","Pipelines, Data Infrastructure, Tech Community, Visualization",Data Engineer
Meera S1,Research,Diploma in Computer Science,"Algorithms, Java, Python, R, JavaScript, Linux, Statistics, Pandas, Teamwork, Reporting, SQL, ETL","Software Systems, Hackathons, Product Development, Startups",Software Developer
Meera B18,Presentation Skills,BE Electronics and Communication,"Agile, Communication, Infrastructure as Code, Terraform, MongoDB, Helm, Site Reliability, CI/CD, Docker, REST APIs","Innovation, APIs, Databases, Collaboration, System Design, Security",Backend Developer
Jordan M34,Teamwork,BSc IT,"Wireframing, Prototyping, TypeScript, SQL, React, Teamwork, HTML, PostgreSQL, REST APIs, Swift, Accessibility, Responsive Design, MongoDB, Visual Design, Excel, Firebase, Figma","Web Development, User Experience, Career Growth, Mobile Apps, App Store, Product Building",Mobile Developer
Casey M44,Patience,BSc Computer Science,"Excel, Flutter, Swift, Mobile UI, Java, Kotlin","Mobile Apps, Startups, User Experience, iOS",Mobile Developer
Taylor Q38,Problem Solving,MCA,"Excel, JavaScript, Postman, Node.js, AWS, Teamwork, TypeScript, SQL","Tech Community, Quality Assurance, Freelancing, Automation, Deployment",QA Engineer
Dev Q25,Leadership,BTech Information Technology,"HTML, REST APIs, Node.js, Git, PostgreSQL, Docker, AWS, CSS, MongoDB, Teamwork, Linux, React","SDET Path, Software Quality, Defect Management, Testing",QA Engineer
Samir D6,Presentation Skills,BCA,"Linux, Terraform, CloudFormation, SQL, AWS, Keras, Monitoring, Networking, PyTorch, Python, Communication, ETL, Machine Learning, Tableau, Computer Vision, Scikit-learn, Shell Scripting, Java, JavaScript, Seaborn, Data Pipelines, Deep Learning","Streaming, Model Deployment, Warehousing, Freelancing, Career Growth, Neural Networks, Data Infrastructure",Data Engineer
Sita M42,Attention to Detail,Diploma in Computer Science,"Figma, Sketch, React Native, Swift, Mobile UI, JavaScript, Typography, HTML, App Development, Wireframing","iOS, Android, Mobile Performance, Startups, Cross Platform",Mobile Developer
Riley M2,Attention to Detail,BTech Information Technology,"PyTorch, HTML, Model Deployment, JavaScript, Java, Deep Learning, Scikit-learn","Automation, LLMs, Neural Networks, Research, Deep Learning",Machine Learning Engineer
Jordan D39,Communication,BSc IT,"Data Cleaning, Python, Tableau, Power BI, Excel, HTML","Market Research, Dashboards, Analytics, KPI Tracking, Business Reports, Consulting",Data Analyst
Rohan Q34,Patience,BSc Computer Science,"Java, PostgreSQL, Python, Microservices, Manual Testing, Terraform, OOP, C++, Jira, MongoDB, Nginx, Ansible, Problem Solving, Excel, GitHub Actions, Agile, CI/CD","Quality Assurance, Software Quality, Automation, Learning, Defect Management, Deployment",QA Engineer
Alex U10,Quick Learner,BE Computer Engineering,"Wireframing, AWS, Excel, SQL, Communication, Problem Solving, HTML","App Store, Human Centered Design, User Experience, Career Growth, Collaboration",UI/UX Designer
Anita C12,Teamwork,BTech Information Technology,"Data Cleaning, Looker, Matplotlib, Pandas, SQL, Azure, Communication, Excel, Agile, Reporting","Startups, Scalability, Cloud Infrastructure, Career Growth, Enterprise IT",Cloud Engineer
Anu F32,Problem Solving,BE Electronics and Communication,"Responsive Design, TypeScript, React, Teamwork, Python, Xcode, JavaScript, Flutter, React Native, Java","Web Design, Frontend, Creative Coding, Open Source, UI",Frontend Developer
Samir F42,Teamwork,BCA,"CSS, Java, Excel, AWS, Linux, Problem Solving","SaaS, Startups, Full Stack, Databases",Full Stack Developer
Riya S27,Patience,BTech Information Technology,"Git, Data Structures, Problem Solving, Agile, OOP, SQL","Software Systems, Programming, Problem Solving, Coding, Enterprise Software",Software Developer
Rohan C15,Quick Learner,BCA,"Cryptography, IAM, Azure, Kali Linux, Firewalls, Communication, Incident Response, Excel, CloudFormation, Load Balancing, SIEM","Forensics, Threat Detection, Ethical Hacking, Security, Red Team, Blue Team, Networks",Cybersecurity Analyst
Taylor B29,Creativity,BE Computer Engineering,"React, HTML, JWT, Ansible, MongoDB, Teamwork, Kubernetes, Tailwind CSS, GitHub Actions, Express, Site Reliability, Authentication, Problem Solving, Helm, Python, JavaScript, Terraform, Java, CSS, PostgreSQL, SQL, Agile","CI/CD, Security, System Design, Collaboration, Remote Work",Backend Developer
Kiran S32,Creativity,BTech Information Technology,"Algorithms, HTML, Java, Python, System Design","Architecture, Big Tech, Clean Code, Reliability, Engineering, Scalable Systems",Software Engineer
Riya C2,Problem Solving,BE Computer Engineering,"Java, REST APIs, MongoDB, Problem Solving, Spring Boot, Excel, Python, Linux, HTML, Network Security, Agile","Scalability, Threat Detection, Career Growth, Ethical Hacking, Automation",Cybersecurity Analyst
Riley S24,Communication,BCA,"Data Structures, Problem Solving, Nginx, System Design, Authentication, Linux, Java, PostgreSQL","Reliability, Big Tech, Mentorship, Architecture, Engineering",Software Engineer
Morgan C31,Creativity,Diploma in Computer Science,"JavaScript, Python, Teamwork, Agile, Java, Git, Azure","Startups, Scalability, Automation, ETL, Tech Community",Cloud Engineer
Dev D25,Patience,BE Software Engineering,"Excel, Linux, Jupyter, SQL, Model Deployment, Python, Machine Learning, Communication, Hadoop, PyTorch, Reporting, Tableau, Business Intelligence, BigQuery, Data Pipelines, Looker, Airflow","Statistics, Big Data, Predictive Modeling, Collaboration, Pipelines, Remote Work, Data Infrastructure",Data Scientist
Casey D7,Communication,BE Computer Engineering,"Python, JavaScript, Excel, Statistics, Matplotlib, Tableau, Jupyter, Problem Solving","Dashboards, Operations, KPI Tracking, Analytics, Market Research, Finance, Charts",Data Analyst
Nabin Q12,Logical Thinking,BCA,"Teamwork, Design Patterns, Cypress, Postman, Python, Algorithms, Test Cases, Linux","Performance Testing, Quality Assurance, Automation, Software Quality, Defect Management",QA Engineer
Anu Q16,Teamwork,BSc IT,"Excel, Microservices, JavaScript, Java, Terraform, Python, Site Reliability, Bug Tracking, Linux, Express, Algorithms, Ansible, Infrastructure as Code, Git, Cypress, SQL, Problem Solving, MongoDB","Automation, Startups, Defect Management, Security, System Design",QA Engineer
Priya C29,Problem Solving,BSc IT,"GCP, Excel, AWS, Firewalls, Agile, JavaScript, Azure, CI/CD, Networking, Ansible, Wireshark, IAM, Jenkins, GitHub Actions","Learning, CI/CD, Security, Networks, Deployment, Innovation",Cybersecurity Analyst
Riley D6,Research,BE Computer Engineering,"NumPy, JavaScript, SQL, Teamwork, Python, Communication","Statistics, Data Analysis, Automation, Academia, AI, Visualization",Data Scientist
Jordan D13,Analytical Mindset,BE Computer Engineering,"ETL, AWS, Communication, Excel, Git, Docker, Problem Solving","Tech Community, Big Data, Data Infrastructure, Streaming",Data Engineer
Aarav C30,Quick Learner,BTech Information Technology,"Azure, Python, Site Reliability, Network Security, Networking, Cryptography, SIEM, Communication, Terraform, GCP, Security, SQL, CI/CD, Monitoring, Ansible, CloudFormation","Enterprise IT, Security, Collaboration, Ethical Hacking",Cybersecurity Analyst
Taylor D31,Analytical Mindset,MCA,"Communication, Statistics, Terraform, Load Balancing, SQL, Python, Linux, Git, Teamwork, IAM","Model Deployment, Career Growth, Statistics, Data Analysis, Collaboration, Deep Learning, Research",Data Scientist
Jordan F8,Logical Thinking,BE Computer Engineering,"Python, Tailwind CSS, Test Cases, Problem Solving, Selenium, AWS, API Testing, Load Testing","Frontend, Startups, Web Design, Freelancing, User Experience",Frontend Developer
Sita D20,Research,BE Software Engineering,"Tableau, PostgreSQL, Problem Solving, Communication, Excel, Teamwork, HTML, AWS, Node.js, R, Docker","AI, Innovation, Dashboards, Big Data",Data Scientist
Samir F25,Attention to Detail,BCA,"Monitoring, Linux, IAM, JavaScript, AWS, Git, CSS","Frontend, Web Design, Freelancing, UI, Remote Work, Innovation",Frontend Developer
Riya B30,Analytical Mindset,BSc Computer Science,"REST APIs, Authentication, JavaScript, Spring Boot, Communication, MongoDB","Server Logic, Databases, APIs, Architecture",Backend Developer
Taylor M24,Patience,Diploma in Computer Science,"Swift, AWS, Git, HTML, Java, Docker","Mobile Apps, iOS, Cloud, Learning, Product Building",Mobile Developer
Meera D28,Analytical Mindset,BSc IT,"HTML, Linux, Git, Teamwork, Excel, Java, Jupyter, Communication","Analytics, Research, Business Reports, Visualization, Innovation, Collaboration, AI",Data Scientist
Kiran S16,Logical Thinking,Diploma in Computer Science,"Excel, SQL, AWS, Problem Solving, Python","Programming, Career Growth, Problem Solving, Cloud, Software Systems",Software Developer
Anu F6,Problem Solving,BE Electronics and Communication,"Microservices, JavaScript, Problem Solving, Design Patterns, CSS, Linux, Node.js, MongoDB, SQL, Algorithms, React, Redis, Redux, Java, Express","SaaS, Collaboration, Full Stack, System Design, Databases, Web Development",Full Stack Developer
Bikash Q4,Patience,BSc IT,"Postman, API Testing, Test Cases, Python, Excel, Docker","Quality Assurance, Defect Management, Software Quality, Performance Testing",QA Engineer
Aarav B36,Analytical Mindset,BE Software Engineering,"Python, JavaScript, Authentication, Redux, Webpack, PostgreSQL, CSS, Excel, Responsive Design, TypeScript","Learning, System Design, APIs, Startups",Backend Developer
Kiran C37,Logical Thinking,BCA,"Communication, VPC, AWS, IAM, CloudFormation, Linux","Automation, Certifications, Enterprise IT, Scalability, Cloud Infrastructure",Cloud Engineer
Jordan Q15,Problem Solving,BE Computer Engineering,"CI/CD, Java, Docker, Microservices, OOP, Jenkins, Git, Express, Python, Node.js, Site Reliability, GitHub Actions, Selenium, GraphQL, Spring Boot, Helm, Testing, Jira, JavaScript, MongoDB","Infrastructure, Software Quality, Quality Assurance, Startups, Automation",QA Engineer
Meera S18,Quick Learner,BSc IT,"Java, Terraform, Docker, Python, Infrastructure as Code, Agile, Site Reliability, Communication, Ansible, HTML, Excel, AWS","Remote Work, Scalable Systems, Server Logic, Architecture, Career Growth",Software Engineer
Maria C37,Problem Solving,BCA,"Monitoring, Problem Solving, CloudFormation, Terraform, Helm, AWS, Teamwork, CI/CD, Kubernetes, Wireshark, Linux, Java, Agile, Site Reliability, Azure, GCP, Docker, SIEM","Enterprise IT, Collaboration, Tech Community, Forensics, Security",Cybersecurity Analyst
Maria M13,Logical Thinking,BCA,"HTML, JavaScript, Flutter, React Native, Mobile UI, Linux","App Store, Cross Platform, Mobile Apps, Game Dev, iOS, User Experience",Mobile Developer
Sneha S22,Problem Solving,MCA,"HTML CSS, Adobe XD, Visual Design, Java, Figma, User Research, Excel, Typography, Python, Sketch","Startups, Coding, Product Development, Innovation",Software Developer
Sneha D45,Presentation Skills,BE Software Engineering,"Machine Learning, Agile, Kafka, Scikit-learn, Python, Statistics, Communication, NLP, BigQuery, Computer Vision, SQL, HTML, Pandas, Excel, Power BI, R, ETL, TensorFlow","Deep Learning, Data Analysis, Model Deployment, AI, Big Data, Collaboration",Data Scientist
Arjun U37,Analytical Mindset,BE Computer Engineering,"Adobe XD, Flutter, Redux, Firebase, Dart, Kotlin, Tailwind CSS, React Native, Excel, React, CSS, SQL, Git, Docker, Figma, HTML, Android Studio","Web Design, User Experience, Product Design, Design, Learning",UI/UX Designer
Riya B17,Teamwork,BSc IT,"SQL, Microservices, AWS, Tailwind CSS, Teamwork, TypeScript, Next.js, HTML, Authentication","Startups, System Design, Security, Scalability, Career Growth, Collaboration",Backend Developer
Anu F9,Communication,BTech Information Technology,"Excel, Responsive Design, CSS, Node.js, Tailwind CSS, Communication, Next.js, TypeScript, MongoDB, React","Web Design, Career Growth, Remote Work, Creative Coding",Frontend Developer
Arjun M17,Communication,BSc IT,"Git, Snowflake, HTML, Pandas, Linux, System Design, Code Review, R, Machine Learning, Apache Spark, Python, Microservices, SQL, NumPy, Java, TensorFlow, NLP, Spark","Deep Learning, Neural Networks, Career Growth, Architecture, Scalable Systems",Machine Learning Engineer
Riya C44,Leadership,Diploma in Computer Science,"SIEM, Threat Hunting, JavaScript, CI/CD, Ansible, Nmap, Incident Response, Monitoring, Cryptography, Jenkins, Git, HTML","Networks, Ethical Hacking, Forensics, Threat Detection, Blue Team",Cybersecurity Analyst
Kiran B26,Research,BSc Computer Science,"Java, Algorithms, OOP, SQL, REST APIs, C++, Problem Solving, Microservices, Express, Node.js","Server Logic, Security, System Design, Cloud, APIs, Databases",Backend Developer
Morgan C13,Teamwork,Diploma in Computer Science,"Data Pipelines, Linux, Terraform, Node.js, Airflow, Docker, PostgreSQL, CI/CD, Express, GitHub Actions, Data Modeling, Excel, Snowflake, Jenkins, Java, Networking, Kafka, JavaScript, SQL, Monitoring","Databases, Cloud Infrastructure, Automation, Innovation, Tech Community, Scalability",Cloud Engineer
Anita M9,Analytical Mindset,BTech Information Technology,"HTML, Firebase, CSS, Tailwind CSS, App Development, Kotlin, Figma, Python, React Native","User Experience, Wearables, Cross Platform, Mobile Apps, iOS, Game Dev",Mobile Developer
Sita S40,Creativity,BE Computer Engineering,"Microservices, Git, Problem Solving, HTML, REST APIs, Linux, Express, SQL, OOP, AWS, Testing, Algorithms, MongoDB, TypeScript, React, Teamwork","Product Development, Collaboration, Career Growth, Architecture, Software Systems, Coding",Software Developer
Riley S37,Problem Solving,Diploma in Computer Science,"Algorithms, SQL, Java, Excel, JavaScript, OOP, APIs","Enterprise Software, Programming, Product Development, Problem Solving, Software Systems, Coding, Open Source",Software Developer
Riya C33,Leadership,BTech Information Technology,"Site Reliability, Problem Solving, Kubernetes, Microservices, Data Pipelines, Scala, Linux, Express, Prometheus, Excel, CloudFormation, Azure, GraphQL, CI/CD, Airflow, Docker, SQL, MongoDB","Scalability, Databases, Freelancing, Cloud Infrastructure",Cloud Engineer
Taylor D27,Presentation Skills,BSc Computer Science,"Site Reliability, Java, Ansible, Prometheus, Teamwork, Python, Kubernetes, Infrastructure as Code, Jenkins, HTML","Statistics, Automation, Visualization, Finance, AI",Data Scientist
Sita U2,Presentation Skills,MCA,"Agile, Teamwork, Java, Communication, Python, JavaScript, Adobe XD","Human Centered Design, App Store, Design, Career Growth, Product Design, User Experience",UI/UX Designer
Meera M13,Logical Thinking,BE Software Engineering,"Machine Learning, Data Visualization, Tableau, Deep Learning, TensorFlow, SQL, Pandas, Jupyter, Agile","Startups, Tech Community, Model Deployment, AI",Machine Learning Engineer
Jordan D17,Attention to Detail,BTech Information Technology,"Microservices, GCP, Linux, JavaScript, Spring Boot, Java, Design Patterns, Docker, Authentication, VPC, SQL, IAM, Site Reliability, Express, Jenkins, AWS, CI/CD, Networking, Python, Excel","Tech Community, Remote Work, Enterprise IT, Automation, CI/CD",DevOps Engineer
Priya F10,Teamwork,BE Electronics and Communication,"React, Java, Data Structures, Teamwork, Distributed Systems, System Design, Excel","Tech Community, SaaS, Learning, Web Development, Full Stack",Full Stack Developer
Taylor C5,Attention to Detail,BCA,"Threat Hunting, Network Security, Cryptography, Wireshark, Docker, Problem Solving","Blue Team, Security, Ethical Hacking, Red Team, Threat Detection, Forensics, Compliance",Cybersecurity Analyst
Riley U40,Logical Thinking,BCA,"Flutter, Agile, Linux, Tailwind CSS, REST APIs, HTML, Mobile UI, Adobe XD, SQLite, TypeScript, Prototyping, Git, CSS, Firebase","Frontend, Learning, Freelancing, Human Centered Design, User Experience, Product Design",UI/UX Designer
Alex M41,Creativity,BSc IT,"Next.js, Agile, HTML, Problem Solving, PostgreSQL, Webpack, Visual Design, App Development, CSS, JWT, Git, Java, JavaScript, Sketch, Wireframing, Color Theory, React, Responsive Design, Firebase, Node.js","App Store, iOS, Mobile Web, Startups, Mobile Apps",Mobile Developer
Riya U35,Presentation Skills,BE Software Engineering,"Figma, Wireframing, Next.js, TypeScript, Excel, Adobe XD, Visual Design, HTML, Problem Solving, AWS, Responsive Design","User Experience, Mobile UX, Human Centered Design, Product Design",UI/UX Designer
Puja C12,Problem Solving,BE Electronics and Communication,"Java, Incident Response, Firewalls, Problem Solving, Cryptography, SIEM","Ethical Hacking, Security, Networks, Compliance, Bug Bounty, Penetration Testing",Cybersecurity Analyst
Aarav D44,Problem Solving,BE Software Engineering,"Excel, HTML, Terraform, Linux, Site Reliability, CI/CD, Kubernetes, Python, Shell Scripting, Docker","Automation, Reliability, Deployment, Infrastructure, CI/CD, Observability",DevOps Engineer
Meera C17,Analytical Mindset,MCA,"Linux, IAM, SQL, Git, CloudFormation, Terraform, JavaScript","Scalability, Migration Projects, Automation, Enterprise IT, Cloud Infrastructure, Cost Optimization",Cloud Engineer
Sita F18,Research,BSc IT,"Communication, SQL, HTML, React, Express, OOP, Next.js, Java, CSS, Agile, MongoDB, Linux, TypeScript, C++, Python, Algorithms, REST APIs, PostgreSQL, Node.js, AWS","Learning, Frontend, Innovation, SaaS, Product Building",Full Stack Developer
Nabin F43,Attention to Detail,Diploma in Computer Science,"Sketch, HTML, React, TypeScript, Firebase, REST APIs, Git, Java, Tailwind CSS, Design Systems, MongoDB, JavaScript, Swift, State Management, App Development, Mobile UI, Docker, Figma, Visual Design, SQLite","Innovation, Frontend, Human Centered Design, Mobile Web",Frontend Developer
Alex M35,Research,BSc IT,"Java, Communication, JavaScript, Swift, Firebase, React Native","Cross Platform, User Experience, Android, Wearables, iOS",Mobile Developer
Dev S9,Analytical Mindset,MCA,"Python, Terraform, Authentication, REST APIs, CI/CD, Java, Testing, Jenkins, C++, Monitoring, OOP, Node.js, Algorithms, SQL, HTML, Redis, Site Reliability, PostgreSQL, Problem Solving","Collaboration, Deployment, Reliability, Scalable Systems",Software Engineer
Arjun M20,Attention to Detail,BE Computer Engineering,"Java, Tailwind CSS, React Native, HTML, REST APIs, Color Theory, CSS, Linux, Visual Design, SQL, Adobe XD, Kotlin, Sketch, React, Communication, Firebase","Cross Platform, UI, User Experience, Innovation, Career Growth",Mobile Developer
Taylor C41,Logical Thinking,BTech Information Technology,"CloudFormation, IAM, Wireshark, Terraform, Kubernetes, Agile, HTML, Firewalls, Site Reliability, Security, Java, Problem Solving, CI/CD, Network Security, Infrastructure as Code","Ethical Hacking, Reliability, Networks, Collaboration, Infrastructure, Tech Community",Cybersecurity Analyst
Puja D22,Quick Learner,BTech Information Technology,"NLP, Excel, Scikit-learn, Pandas, Agile, R, Jupyter","Finance, Predictive Modeling, Big Data, AI",Data Scientist
Meera U3,Quick Learner,BSc IT,"Nmap, HTML, Figma, Python, SQL, Metasploit, Prototyping, Cryptography, Incident Response, Firewalls, Risk Assessment, Network Security","Creativity, User Experience, Career Growth, Design, Startups",UI/UX Designer
Meera C35,Presentation Skills,BTech Information Technology,"AWS, Java, Linux, React, Agile, Express, MongoDB, Git, PostgreSQL","Scalability, System Design, Cloud Infrastructure, Automation, Learning, Career Growth",Cloud Engineer
Maria D31,Presentation Skills,MCA,"Jupyter, TensorFlow, Scikit-learn, Linux, Machine Learning, Problem Solving, ETL","Learning, Big Data, ETL, Career Growth",Data Engineer
Samir M10,Quick Learner,BE Electronics and Communication,"Keras, Machine Learning, Scikit-learn, Agile, Flutter, HTML, Python","User Experience, Remote Work, Mobile Apps, Startups, App Store, iOS",Mobile Developer
Priya B25,Leadership,BSc IT,"Excel, Kubernetes, Authentication, SQL, HTML, CSS, Communication, MongoDB, OOP, JWT, Express, TypeScript, PostgreSQL, CI/CD, Java, Design Patterns, React, Docker, Prometheus","Freelancing, Tech Community, Server Logic, Deployment, APIs",Backend Developer
Alex F23,Problem Solving,Diploma in Computer Science,"JWT, Kotlin, Wireframing, Swift, HTML, Responsive Design, JavaScript, Xcode, Prototyping, React, Design Systems, Node.js, AWS, Java, Figma, MongoDB, Visual Design, Mobile UI, SQL, Color Theory","Mobile Web, Innovation, Full Stack, Creative Coding",Frontend Developer
Anita D34,Presentation Skills,BE Electronics and Communication,"Ansible, Helm, CI/CD, Excel, Teamwork, Docker, Problem Solving","Deployment, Reliability, Observability, CI/CD, Automation",DevOps Engineer
Dev D5,Quick Learner,BE Software Engineering,"SQL, Pandas, Tableau, R, Excel, Python, Linux, Docker, Jupyter, Seaborn, TensorFlow","KPI Tracking, Operations, Consulting, Charts",Data Analyst
Maria F16,Presentation Skills,BTech Information Technology,"Problem Solving, Tableau, HTML, Pandas, SQL, Python, Deep Learning, JavaScript, Java, R, Teamwork","App Store, Career Growth, Mobile Web, Creative Coding, Cross Platform, Startups",Frontend Developer
Meera D16,Presentation Skills,MCA,"Java, GraphQL, Kubernetes, Distributed Systems, HTML, Algorithms, Microservices, CloudFormation, Linux, Express, AWS, Spring Boot, Docker, Python, Terraform, Load Balancing, Site Reliability, CI/CD, Shell Scripting, PostgreSQL, MongoDB","Enterprise IT, Deployment, Automation, Startups, Learning",DevOps Engineer
Sita C38,Quick Learner,Diploma in Computer Science,"Communication, Teamwork, Git, GitHub Actions, Java, Ansible, Incident Response, Monitoring, IAM, Jenkins, Excel, CI/CD, Kubernetes, CloudFormation, Cryptography, Terraform","Reliability, Networks, Threat Detection, Infrastructure, Freelancing",Cybersecurity Analyst
Puja F2,Presentation Skills,BSc Computer Science,"Mobile UI, React Native, Firebase, HTML, Responsive Design, Dart, JavaScript, Java, CSS, TypeScript","Creative Coding, User Experience, Freelancing, Frontend, Web Design",Frontend Developer
Alex D5,Quick Learner,Diploma in Computer Science,"Python, Android Studio, Linux, Firebase, Mobile UI, Site Reliability, Flutter, SQLite, Kotlin, Swift, Communication","CI/CD, Tech Community, Infrastructure, Innovation",DevOps Engineer
Morgan B42,Quick Learner,BE Computer Engineering,"Java, React, OOP, Agile, Microservices, HTML, SQL, Jenkins, Python, MongoDB, Testing, REST APIs, Node.js, Ansible, AWS, TypeScript, Prometheus, Docker, Problem Solving, Next.js, JavaScript, Design Patterns","Deployment, Innovation, Server Logic, System Design, Security",Backend Developer
Kiran M11,Patience,BE Software Engineering,"SQL, Problem Solving, Design Patterns, Data Structures, Jupyter, ETL, R, Agile, Pandas, Apache Spark, Git, Communication, Excel, Data Modeling, NLP, System Design, Testing, Scikit-learn, Java, MLOps","Collaboration, Visualization, AI, Remote Work, Model Deployment, Automation",Machine Learning Engineer
Taylor S26,Communication,BE Software Engineering,"Excel, System Design, Code Review, GitHub Actions, Site Reliability, Ansible, Data Structures, Java, Agile, Docker, Microservices","Big Tech, Scalable Systems, Clean Code, Architecture, Reliability, Engineering",Software Engineer
Rohan D12,Patience,BE Computer Engineering,"Docker, Data Pipelines, Snowflake, Python, Excel, Teamwork, Matplotlib, Jupyter, Tableau, Scikit-learn, Java, Reporting, SQL, Seaborn, Airflow","Career Growth, Big Data, Learning, Dashboards, Business Reports",Data Analyst
Priya M41,Communication,BCA,"Problem Solving, Excel, JavaScript, Linux, Python, HTML, Java","Deep Learning, Freelancing, Research, Warehousing, Learning, Streaming, Automation",Machine Learning Engineer
Kiran M14,Attention to Detail,BE Software Engineering,"Adobe XD, Xcode, App Development, Color Theory, Wireframing, Firebase, Flutter, Excel, JavaScript, React Native, HTML","Game Dev, Mobile Apps, Startups, User Experience, App Store",Mobile Developer
Alex B35,Teamwork,MCA,"Data Structures, MongoDB, JWT, Helm, Java, SQL, Docker, APIs, Authentication, PostgreSQL, JavaScript, Problem Solving, Node.js, AWS, REST APIs, Teamwork, React, Design Patterns, Kubernetes, Python, CI/CD","Scalability, SaaS, Server Logic, Startups",Backend Developer
Maria Q8,Attention to Detail,BTech Information Technology,"React, Tailwind CSS, Java, Linux, Agile, Teamwork, Problem Solving, Figma, Cypress, Postman, AWS, SQL","Testing, Coding, Career Growth, Quality Assurance, Tech Community",QA Engineer
Meera U29,Presentation Skills,BTech Information Technology,"SQL, Python, Git, HTML, Java, Algorithms, Problem Solving, Testing, Agile, C++","Design Thinking, Product Design, User Experience, Design",UI/UX Designer
Morgan D43,Presentation Skills,BE Electronics and Communication,"AWS, Git, Problem Solving, Agile, Python, Pandas, Statistics","Remote Work, Data Analysis, KPI Tracking, Market Research, Charts",Data Analyst
Casey D39,Quick Learner,BSc IT,"Teamwork, SQL, Data Cleaning, HTML, R, Excel, AWS, Statistics, Tableau, Linux","Visualization, Career Growth, Research, Deep Learning",Data Scientist
Taylor B21,Quick Learner,BSc IT,"MongoDB, JavaScript, Docker, SQL, Communication, Jenkins, Agile, Authentication, GitHub Actions, PostgreSQL, Kubernetes, Express, Prometheus, Site Reliability, Next.js, React, Data Structures, Algorithms, REST APIs, HTML","Innovation, Scalability, APIs, Startups, Infrastructure, CI/CD, Server Logic",Backend Developer
Priya M43,Creativity,MCA,"Docker, Communication, Problem Solving, Java, Scikit-learn, Data Pipelines, Teamwork, Linux, MLOps, Excel, Apache Spark, ETL, Redshift","Predictive Modeling, Career Growth, Collaboration, Model Deployment, Neural Networks",Machine Learning Engineer
Alex S26,Quick Learner,MCA,"Java, Problem Solving, JWT, Python, Microservices, REST APIs, System Design, Node.js, React, Linux, GraphQL, Communication, PostgreSQL, AWS, Data Structures, HTML, JavaScript, Next.js","Tech Community, Software Systems, System Design, Programming, Coding, Security",Software Developer
Riya M4,Creativity,Diploma in Computer Science,"Git, Python, SQL, React Native, Excel, Java, Docker, HTML","Freelancing, Remote Work, Cloud, iOS, User Experience",Mobile Developer
Morgan S3,Problem Solving,BE Software Engineering,"Express, Python, Data Structures, JavaScript, Monitoring, Spring Boot, Docker, Problem Solving, Teamwork, APIs, PostgreSQL, GraphQL, OOP, Node.js, Agile, CI/CD, System Design, Terraform, Jenkins, Microservices, Excel, Prometheus","Clean Code, Startups, Architecture, Product Development, Programming, Engineering",Software Engineer
Anita D45,Communication,BE Electronics and Communication,"Python, Linux, Java, Algorithms, Problem Solving, Testing, Microservices, Communication, Site Reliability, System Design","Infrastructure, Automation, Deployment, Containers, Platform Engineering",DevOps Engineer
Anu D36,Logical Thinking,BE Software Engineering,"CI/CD, OOP, HTML, SQL, Problem Solving, Java, Jenkins, Teamwork, Python, Agile, Excel","Enterprise IT, Deployment, Remote Work, CI/CD, Reliability",DevOps Engineer
Taylor C9,Problem Solving,BE Computer Engineering,"Tableau, Statistics, Cryptography, Teamwork, Git, Java, Communication, Nmap, Excel, Matplotlib, Scikit-learn, Linux","Career Growth, Automation, Compliance, Reliability, Freelancing, Forensics",Cybersecurity Analyst
Rohan Q13,Leadership,Diploma in Computer Science,"Communication, APIs, Kubernetes, Data Structures, Authentication, SQL, GitHub Actions, Microservices, MongoDB, Agile, Docker, Problem Solving, Python, JavaScript, OOP, Linux, Test Cases, Bug Tracking, Spring Boot, Site Reliability","Scalability, Career Growth, Automation, Innovation, Testing",QA Engineer
Arjun S12,Attention to Detail,MCA,"Node.js, OOP, Communication, Java, SQL, JavaScript, Git, CSS, Problem Solving, Next.js","Software Systems, Coding, Problem Solving, Startups, Programming",Software Developer
Meera M21,Analytical Mindset,BSc IT,"Next.js, Kotlin, Swift, Python, Figma, Sketch, HTML, CSS, Excel, Wireframing, TypeScript, React, Design Systems, AWS, Accessibility, JWT, REST APIs, User Research","SaaS, App Store, Android, Innovation",Mobile Developer
Maria M37,Presentation Skills,BCA,"Visual Design, Kotlin, Linux, Git, TypeScript, Accessibility, Python, Miro, HTML, JavaScript, Prototyping, Next.js, Wireframing, Figma, Swift, Express, React, Webpack, Problem Solving","Collaboration, Cross Platform, User Experience, Career Growth",Mobile Developer
Morgan S41,Teamwork,BE Electronics and Communication,"Authentication, Node.js, Problem Solving, Linux, Testing, CI/CD, Docker, Algorithms, SQL, Java, PostgreSQL, Data Structures, Infrastructure as Code, Python, Redis, Jenkins, REST APIs","Software Systems, Learning, Coding, Architecture, Clean Code",Software Engineer
Nabin C1,Teamwork,BCA,"Java, Git, SQL, JavaScript, Teamwork, Problem Solving, Excel, SIEM, Firewalls","Career Growth, Enterprise IT, Collaboration, Threat Detection, Forensics, Scalability",Cybersecurity Analyst
Arjun S12,Presentation Skills,MCA,"CI/CD, React Native, AWS, Teamwork, Docker, Kotlin, Android Studio, Git, SQL, Linux, Python, Mobile UI","Reliability, Deployment, Career Growth, Engineering",Software Engineer
Sneha F7,Research,MCA,"JavaScript, Vue, TypeScript, React, HTML, Java, REST APIs","Cloud, Web Development, Product Building, Startups, Side Projects",Full Stack Developer
Riley C36,Attention to Detail,BE Software Engineering,"AWS, Azure, Networking, Teamwork, Linux, CloudFormation","Cost Optimization, Cloud Infrastructure, Automation, Scalability, Enterprise IT",Cloud Engineer
Alex D31,Teamwork,Diploma in Computer Science,"Distributed Systems, Ansible, Spring Boot, Linux, Express, Testing, CloudFormation, Python, Excel, Security, Kubernetes, Java, SQL, CI/CD, AWS, Terraform, Node.js, Algorithms, Microservices","Collaboration, Scalability, CI/CD, Infrastructure, Remote Work, Deployment",DevOps Engineer
Samir S4,Quick Learner,BCA,"APIs, Excel, SQL, Docker, CI/CD, System Design, AWS, Algorithms","Scalable Systems, Big Tech, Reliability, Engineering, Distributed Systems, Architecture",Software Engineer
Arjun Q29,Teamwork,BE Computer Engineering,"Cypress, Express, Bug Tracking, Problem Solving, Manual Testing, HTML, GraphQL, PostgreSQL","Automation, Defect Management, Release Management, Software Quality, Testing, Quality Assurance",QA Engineer
Morgan B44,Analytical Mindset,MCA,"Express, TypeScript, REST APIs, Authentication, MongoDB, CSS, Java, Node.js, AWS, Spring Boot","Security, Server Logic, APIs, Backend Engineering, Architecture",Backend Developer
James D41,Creativity,MCA,"AWS, JavaScript, Communication, Python, SQL, Statistics, Problem Solving","Career Growth, Startups, Visualization, Data Analysis, Analytics",Data Scientist
Bikash D2,Attention to Detail,BSc IT,"Docker, Site Reliability, Communication, Excel, Ansible","Platform Engineering, Infrastructure, Automation, Containers, Reliability, Deployment",DevOps Engineer
Dev B28,Quick Learner,BSc Computer Science,"App Development, Firebase, Node.js, Swift, React Native, Push Notifications, Agile, State Management, PostgreSQL, SQL","System Design, Learning, Innovation, APIs, Tech Community, Security",Backend Developer
Anita F35,Presentation Skills,BCA,"JavaScript, Excel, React, Redis, REST APIs, Authentication, Microservices, AWS, Communication, Nginx, PostgreSQL, Java","SaaS, Freelancing, Full Stack, MERN Stack",Full Stack Developer
Dev B2,Presentation Skills,MCA,"Problem Solving, Node.js, MongoDB, AWS, Java, Design Patterns, JavaScript, SQL, Authentication","Architecture, APIs, Databases, System Design, Scalability, Performance, Security",Backend Developer
Bikash F11,Leadership,Diploma in Computer Science,"React, Wireframing, Dart, Linux, Kotlin, Express, Mobile UI, CSS, Visual Design, JavaScript, Git, Figma, Push Notifications, Python, Next.js, Node.js, Teamwork, React Native, Typography, TypeScript, Swift","Innovation, Web Design, User Experience, Learning, Creativity, UI",Frontend Developer
Morgan M40,Presentation Skills,BE Computer Engineering,"React Native, JavaScript, Git, Express, Excel, SQL, Sketch, Accessibility, Adobe XD, Redux, Tailwind CSS, Miro, Next.js, CSS, PostgreSQL, Visual Design, HTML, Firebase, REST APIs, Wireframing, React","iOS, Startups, Web Design, UI, Cross Platform, User Experience",Mobile Developer
Meera M39,Quick Learner,BSc Computer Science,"Docker, PyTorch, NumPy, Data Pipelines, Machine Learning, SQL, Distributed Systems, Python, MLOps, Seaborn, Scikit-learn, JavaScript, Matplotlib, Microservices, CI/CD, Java, Scala, Communication, Tableau","Model Deployment, Remote Work, Big Data, Neural Networks, Predictive Modeling",Machine Learning Engineer
James C40,Analytical Mindset,BCA,"Security, CloudFormation, Docker, Networking, CI/CD, JavaScript, Incident Response, Wireshark, Excel, Linux, Java, Kubernetes, Firewalls, Infrastructure as Code","Tech Community, Innovation, Threat Detection, Infrastructure, Networks",Cybersecurity Analyst
Casey D28,Logical Thinking,BE Computer Engineering,"Tableau, SQL, Excel, JavaScript, Reporting, Jupyter, Statistics, TensorFlow","Startups, Collaboration, Analytics, Market Research, Innovation, Business Reports",Data Analyst
Rohan D5,Creativity,BSc Computer Science,"Linux, Tableau, ETL, SQL, Airflow, Redshift, Problem Solving","Statistics, Career Growth, Freelancing, Visualization, Startups, Big Data, Research",Data Scientist
Nabin C10,Attention to Detail,BSc IT,"Python, TensorFlow, Keras, Feature Engineering, Scikit-learn, Teamwork, MLOps, Machine Learning, HTML","Red Team, Bug Bounty, Threat Detection, Forensics",Cybersecurity Analyst
Arjun S31,Analytical Mindset,Diploma in Computer Science,"Jira, Communication, Algorithms, Load Testing, HTML, Git, Java, Selenium, Python, Docker, Teamwork","Scalable Systems, Server Logic, Innovation, Engineering, Remote Work, Scalability, Clean Code",Software Engineer
Samir Q2,Leadership,BSc IT,"API Testing, Bug Tracking, HTML, Java, Node.js, Docker, Python, CSS, Next.js, Communication, SQL","Career Growth, Problem Solving, Defect Management, Learning, Software Quality, Coding, Testing",QA Engineer
Jordan D40,Problem Solving,Diploma in Computer Science,"Scikit-learn, Communication, Statistics, NLP, Excel, Java, SQL, Agile, Machine Learning","Research, Innovation, Warehousing, Big Data, Pipelines, Visualization",Data Scientist
Anu F8,Leadership,Diploma in Computer Science,"Data Pipelines, Data Modeling, Teamwork, CSS, Hadoop, Airflow, JavaScript, Kafka, Communication, SQL","Startups, Remote Work, Web Development",Full Stack Developer
Nabin D40,Communication,Diploma in Computer Science,"System Design, Linux, Algorithms, Java, Git, Testing, Docker, Communication, Apache Spark, AWS, Agile","Tech Community, Research, Learning, Warehousing, Pipelines, Big Data",Data Engineer
Arjun C24,Presentation Skills,BE Software Engineering,"CloudFormation, Java, Terraform, CI/CD, Communication, Nmap, Monitoring, SIEM, Python, SQL, GCP, Kubernetes, AWS, GitHub Actions, Incident Response, Docker, Excel","Ethical Hacking, Threat Detection, Automation, Remote Work, Security",Cybersecurity Analyst
Taylor U34,Teamwork,BE Computer Engineering,"Adobe XD, AWS, Agile, JavaScript, SQL, Accessibility, Tailwind CSS, React, User Research, Miro, Sketch","Product Design, Usability Testing, Design, Human Centered Design, Branding",UI/UX Designer
Sita Q18,Patience,Diploma in Computer Science,"Snowflake, SQL, Python, Apache Spark, Selenium, ETL, Communication, Airflow, Redshift, Problem Solving","Career Growth, Defect Management, Learning, Quality Assurance",QA Engineer
Riley C13,Logical Thinking,Diploma in Computer Science,"Load Balancing, Site Reliability, Grafana, Docker, Prometheus, Terraform, Linux, SQL, Firewalls, Azure, Kubernetes, Teamwork, SIEM, AWS, Python, CloudFormation, Nmap","Career Growth, CI/CD, Reliability, Learning, Forensics, Compliance, Threat Detection",Cybersecurity Analyst
Samir D20,Communication,BCA,"Docker, Data Pipelines, ETL, Agile, Java, Teamwork, Excel, SQL","Big Data, Enterprise IT, Collaboration, Cloud Infrastructure, Pipelines, Learning",Data Engineer
Aarav D14,Analytical Mindset,MCA,"CI/CD, Linux, JavaScript, HTML, Java, Docker, Problem Solving, SQL","Engineering, Deployment, Remote Work, Infrastructure, Clean Code",DevOps Engineer
Taylor B24,Logical Thinking,MCA,"Python, Express, MongoDB, REST APIs, Communication","Performance, APIs, Security, Databases, System Design",Backend Developer
Alex F32,Research,BE Computer Engineering,"Cypress, Bug Tracking, Regression Testing, MongoDB, Communication, Problem Solving, Excel, HTML, TestNG, Test Cases, API Testing, Postman, Docker","Web Development, Startups, Full Stack, Side Projects, Freelancing, Cloud",Full Stack Developer
Priya F29,Problem Solving,MCA,"JavaScript, Express, MongoDB, Linux, HTML","Web Development, Freelancing, Full Stack, SaaS, Cloud",Full Stack Developer
Aarav Q32,Attention to Detail,BE Software Engineering,"GitHub Actions, Ansible, Postman, Teamwork, Linux, Jenkins, Nginx, Helm, Testing, API Testing, Authentication, Terraform, SQL, Python, Microservices, GraphQL, Problem Solving, Docker, Express, MongoDB, Selenium","Career Growth, Defect Management, Automation, Software Quality, Learning, Security, Scalability",QA Engineer
Meera S44,Quick Learner,MCA,"Linux, SQL, User Research, Wireframing, Docker, JavaScript, Sketch, Git, Typography","Learning, Engineering, Reliability, Coding",Software Engineer
Morgan S35,Research,BCA,"Java, SQL, Communication, Docker, Algorithms, Design Patterns, Microservices, Linux","Architecture, Scalable Systems, Clean Code, Distributed Systems, Performance",Software Engineer
Casey M29,Attention to Detail,BTech Information Technology,"User Research, CSS, Excel, HTML, React, Typography, Adobe XD, Tailwind CSS, JavaScript, Mobile UI, Next.js, MongoDB, AWS, App Development, Node.js, Webpack, Color Theory, REST APIs, Java, Figma, Flutter, Wireframing","Web Development, Android, Remote Work, Cross Platform, Product Building, iOS",Mobile Developer
Casey S6,Analytical Mindset,BE Software Engineering,"SQL, CSS, Node.js, Problem Solving, TypeScript, PostgreSQL, GraphQL, Microservices, Data Structures, AWS, HTML, REST APIs, Design Patterns, React, Communication, Code Review, Java, Excel","Remote Work, Scalable Systems, Software Systems, Career Growth, Programming",Software Developer
Meera D43,Creativity,Diploma in Computer Science,"Airflow, Python, Terraform, Scala, Azure, Agile, Linux, GCP, Kafka, Apache Spark, IAM","Streaming, Data Quality, Pipelines, Real-time Analytics, Big Data, ETL",Data Engineer
Nabin F3,Leadership,BTech Information Technology,"AWS, HTML, CSS, SQL, Git, JavaScript, Agile","Learning, Remote Work, User Experience, Startups, Web Development, Creative Coding",Full Stack Developer
Anu C44,Teamwork,MCA,"IAM, Problem Solving, Agile, Git, JavaScript, Java, Linux, Excel","Automation, Learning, Remote Work, Warehousing, Enterprise IT",Cloud Engineer
Arjun S16,Logical Thinking,BSc Computer Science,"Microservices, HTML, JavaScript, Communication, Git, Data Visualization, Excel, Machine Learning, SQL, Scikit-learn, Jupyter, Java","Clean Code, Security, Architecture, Collaboration, Scalable Systems",Software Engineer
Riley D2,Attention to Detail,BSc IT,"Machine Learning, Python, Model Deployment, Git, Java, Airflow, Deep Learning, MLOps, Feature Engineering","Warehousing, Startups, Freelancing, Career Growth, Data Infrastructure",Data Engineer
Dev M34,Logical Thinking,BE Software Engineering,"TensorFlow, Python, Excel, NLP, MLOps, Docker","NLP, Model Deployment, Research, Automation, Deep Learning",Machine Learning Engineer
Meera D39,Communication,BSc Computer Science,"PyTorch, AWS, Jupyter, Model Deployment, Deep Learning, Airflow, Monitoring, Azure, Apache Spark, Communication, Python, Linux, JavaScript, Scikit-learn, Machine Learning, Keras, SQL, Excel","Research, ETL, Freelancing, Streaming",Data Engineer
Samir F26,Communication,Diploma in Computer Science,"Algorithms, Excel, Python, Problem Solving, Agile, Communication, SQL, CSS, JavaScript, Data Structures, OOP","UI, Web Design, Creative Coding, Open Source, User Experience",Frontend Developer
Alex C10,Communication,BE Software Engineering,"Jira, TestNG, Azure, Test Automation, Manual Testing, API Testing, Bug Tracking, Linux, SQL, HTML, Postman, JavaScript, Excel","Scalability, Cloud Infrastructure, Cost Optimization, Enterprise IT, Certifications, Automation",Cloud Engineer
Jordan Q28,Presentation Skills,BTech Information Technology,"Test Cases, API Testing, HTML, Bug Tracking, JavaScript, Appium, Postman","Software Quality, SDET Path, Quality Assurance, Defect Management",QA Engineer
Rohan S30,Attention to Detail,BCA,"Excel, Terraform, Python, Ansible, Kubernetes, Grafana, Docker, System Design, Linux, Infrastructure as Code","Remote Work, Freelancing, Reliability, Scalable Systems",Software Engineer
Sneha C23,Leadership,Diploma in Computer Science,"Excel, SQL, IAM, Terraform, CloudFormation, Security, Docker","Enterprise IT, Automation, Scalability, Certifications, Cloud Infrastructure",Cloud Engineer
Maria U22,Communication,BE Software Engineering,"Redux, Communication, SQL, Webpack, Problem Solving, React, CSS, Push Notifications, Xcode, JavaScript, Figma, Firebase, User Research, Docker, Mobile UI, TypeScript, Kotlin, App Development","Creativity, Collaboration, User Experience, Cross Platform",UI/UX Designer
Morgan D8,Leadership,MCA,"Jupyter, NumPy, JavaScript, Matplotlib, Problem Solving, BigQuery, Statistics, Linux, Python, Data Cleaning, Apache Spark, Data Pipelines, Java, Pandas","Big Data, Analytics, Charts, Remote Work, Pipelines",Data Analyst
Bikash B10,Research,BCA,"HTML, Redis, REST APIs, MongoDB, Linux, Microservices, Grafana, Ansible, Python, Docker","APIs, Databases, Performance, Security, Scalability, Backend Engineering, System Design",Backend Developer
Anu F45,Patience,BTech Information Technology,"Linux, Tailwind CSS, Site Reliability, React, Ansible, Grafana, CI/CD, Python","Freelancing, Innovation, Collaboration, Mobile Web, UI, Frontend",Frontend Developer
Meera S41,Analytical Mindset,BTech Information Technology,"Data Structures, Java, Communication, Testing, Problem Solving, Algorithms, Excel, Linux","Software Systems, Problem Solving, Startups, Programming",Software Developer
Samir B33,Quick Learner,BTech Information Technology,"React, Terraform, PostgreSQL, CSS, Express, Next.js, TypeScript, Python, Node.js, SQL, Linux, JavaScript, Jenkins, Docker, Design Patterns, HTML, Data Structures, Infrastructure as Code, Microservices, Algorithms, Helm, Kubernetes","APIs, Career Growth, Remote Work, Reliability, CI/CD, System Design",Backend Developer
Sneha F7,Leadership,MCA,"Communication, JavaScript, Redux, Responsive Design, Tailwind CSS, Docker, TypeScript","Open Source, UI, Web Design, Mobile Web",Frontend Developer
Samir D20,Problem Solving,MCA,"Jenkins, Teamwork, Terraform, Agile, CI/CD","Deployment, Infrastructure, Containers, Reliability, Automation",DevOps Engineer
Puja D21,Research,BSc Computer Science,"MongoDB, TypeScript, Express, Agile, CSS, HTML, Problem Solving, Pandas, Next.js, AWS","Dashboards, Freelancing, Startups, Market Research, KPI Tracking, Business Reports",Data Analyst
Taylor Q26,Leadership,BTech Information Technology,"Linux, Python, Postman, HTML, AWS, Agile, Docker, JavaScript","Software Quality, Tech Community, Remote Work, Security, Testing, Defect Management",QA Engineer
Alex M26,Quick Learner,BSc IT,"Figma, Tailwind CSS, SQL, REST APIs, MongoDB, AWS, Mobile UI, Agile, React, Wireframing, Linux, Adobe XD, CSS, Vue, Prototyping, TypeScript, Firebase, HTML CSS","Human Centered Design, App Store, Product Design, iOS, Learning, Mobile Apps",Mobile Developer
Sneha M9,Problem Solving,BE Software Engineering,"AWS, HTML, Communication, PyTorch, PostgreSQL, Excel, TensorFlow, Problem Solving, MongoDB, Agile, Teamwork","Data Infrastructure, ETL, Model Deployment, Neural Networks, Deep Learning, Innovation",Machine Learning Engineer
Riya D45,Quick Learner,BSc IT,"JavaScript, BigQuery, Python, Communication, SQL, Airflow, Data Pipelines","Lakehouse, Data Infrastructure, Big Data, Pipelines, Cloud Data",Data Engineer
Casey D41,Research,BE Software Engineering,"Excel, Node.js, CSS, Git, Pandas, MongoDB, TypeScript, AWS","Tech Community, Charts, Career Growth, Analytics, Freelancing, KPI Tracking",Data Analyst
Bikash B39,Communication,BE Electronics and Communication,"GitHub Actions, Teamwork, Ansible, PostgreSQL, Communication, Docker, Python, Java, Terraform, MongoDB","Databases, Coding, Server Logic, Freelancing, Career Growth",Backend Developer
Taylor M32,Research,BE Software Engineering,"SQL, Microservices, REST APIs, Python, MongoDB, Express, Authentication, Java, Git, PostgreSQL, Teamwork","Robotics, Automation, AI, NLP",Machine Learning Engineer
Bikash D8,Logical Thinking,BTech Information Technology,"JavaScript, Tableau, Linux, SQL, Problem Solving, TensorFlow, AWS, Machine Learning, HTML, Python, Java","Data Analysis, Startups, ETL, Innovation, Pipelines, AI, Streaming",Data Engineer
Sneha D36,Presentation Skills,BE Electronics and Communication,"Data Modeling, Kafka, NumPy, Seaborn, SQL, Airflow, Python, Docker, JavaScript, Communication","Real-time Analytics, Data Infrastructure, ETL, Streaming, Big Data",Data Engineer
Meera M8,Creativity,MCA,"Linux, SIEM, Docker, Metasploit, Firewalls, SQL, HTML, Cryptography, Risk Assessment, Wireshark","Research, Neural Networks, Robotics, Computer Vision",Machine Learning Engineer
Riley C42,Creativity,BE Software Engineering,"Kubernetes, CI/CD, Cryptography, CloudFormation, Java, Terraform, AWS, Infrastructure as Code, Load Balancing, Excel, Network Security, Site Reliability, Firewalls","CI/CD, Remote Work, Networks, Automation, Threat Detection, Collaboration",Cybersecurity Analyst
Kiran D2,Teamwork,BE Electronics and Communication,"Docker, Cryptography, Risk Assessment, Network Security, Problem Solving, SQL, Nmap","Remote Work, Innovation, Market Research, Dashboards",Data Analyst
Aarav S33,Quick Learner,Diploma in Computer Science,"Data Structures, Python, Express, Authentication, Teamwork, React, Microservices, CSS, SQL, Next.js, MongoDB, HTML, GraphQL, AWS, Java, System Design, Algorithms","Problem Solving, Startups, Programming, Collaboration, Software Systems, Scalability",Software Developer
Anita S13,Problem Solving,BE Computer Engineering,"Agile, Git, Problem Solving, Java, SQL, Docker","Coding, Problem Solving, Product Development, Startups, Programming",Software Developer
Meera F20,Quick Learner,MCA,"CSS, Teamwork, Problem Solving, Python, HTML, Responsive Design","Startups, User Experience, UI, Creative Coding, Web Design, Frontend",Frontend Developer
Nabin F35,Analytical Mindset,BSc Computer Science,"Problem Solving, Teamwork, React, REST APIs, HTML, Responsive Design, PostgreSQL, Express, Nginx, MongoDB, Microservices, SQL","Frontend, UI, Freelancing, Remote Work, Web Design",Frontend Developer
Casey M6,Patience,BTech Information Technology,"SQL, Distributed Systems, Problem Solving, System Design, dbt, Statistics, Teamwork, Data Pipelines, Airflow, Machine Learning, NumPy, Apache Spark, Excel, MLOps, Redshift, ETL, AWS, Git, Microservices, Data Visualization","Research, AI, Innovation, Big Data",Machine Learning Engineer
Taylor D42,Logical Thinking,BSc IT,"Excel, Python, Teamwork, Airflow, SQL, Java, Data Pipelines","ETL, Real-time Analytics, Warehousing, Lakehouse, Big Data, Streaming",Data Engineer
Maria M24,Creativity,BCA,"JavaScript, Python, PyTorch, Linux, Machine Learning","Neural Networks, AI, Robotics, Computer Vision, Automation",Machine Learning Engineer
Kiran B23,Logical Thinking,BTech Information Technology,"Python, Apache Spark, Communication, HTML, Hadoop, Data Pipelines, AWS, JavaScript, Linux, Authentication, Problem Solving","Security, Reliability, Freelancing, APIs",Backend Developer
Maria D17,Logical Thinking,Diploma in Computer Science,"Java, Tailwind CSS, Linux, TypeScript, Docker, AWS, Responsive Design, React, Webpack, CSS, HTML, Figma","AI, Predictive Modeling, Data Analysis, Automation, Big Data",Data Scientist
Sneha F13,Logical Thinking,BE Software Engineering,"Python, Node.js, CSS, Agile, AWS, HTML, REST APIs","Cloud, MERN Stack, Full Stack, SaaS, Startups",Full Stack Developer
Meera Q45,Patience,MCA,"Teamwork, Git, Design Systems, Visual Design, Java, AWS, Bug Tracking, JavaScript, Docker, Figma, Problem Solving","Defect Management, Startups, Software Quality, Automation, Reliability",QA Engineer
Priya S3,Analytical Mindset,BE Computer Engineering,"Problem Solving, Java, Algorithms, Data Structures, JavaScript, SQL","Software Systems, Programming, Enterprise Software, Product Development, Coding, Problem Solving",Software Developer
Anita D1,Presentation Skills,BSc IT,"TypeScript, Statistics, Problem Solving, HTML, Next.js, Node.js, Docker, Communication, Express, CSS, Agile","Analytics, Operations, Dashboards, Consulting",Data Analyst
Nabin F21,Quick Learner,MCA,"CSS, MongoDB, Design Systems, App Development, Express, Agile, Firebase, Sketch, Teamwork, HTML, State Management, Tailwind CSS, Responsive Design, TypeScript, SQLite, Figma, Python, Swift, Adobe XD, React Native","UI, SaaS, Startups, User Experience, Cloud, Frontend",Frontend Developer
Jordan C43,Research,MCA,"Communication, Burp Suite, AWS, Monitoring, Cryptography, Java, Firewalls, CloudFormation, Networking, Linux, Network Security","Security, Compliance, Blue Team, Threat Detection, Penetration Testing, Networks",Cybersecurity Analyst
Nabin F2,Presentation Skills,Diploma in Computer Science,"Teamwork, Statistics, Python, Docker, Jupyter, AWS, Linux, HTML, MongoDB, Problem Solving, Seaborn","Coding, Web Development, Tech Community, Cloud, Collaboration",Full Stack Developer
Samir D21,Analytical Mindset,BSc IT,"Networking, Kafka, Shell Scripting, Linux, JavaScript, Python, AWS","Remote Work, ETL, Data Infrastructure, Freelancing, Warehousing",Data Engineer
Nabin F40,Research,BE Computer Engineering,"Azure, SQL, JavaScript, IAM, Terraform, Problem Solving, Python, Excel, Java, Communication, GCP","Creative Coding, Android, Learning, Cross Platform, UI, Remote Work",Frontend Developer
Sita M5,Patience,MCA,"Visual Design, User Research, Wireframing, Accessibility, HTML, TypeScript, MongoDB, JavaScript, Excel, Tailwind CSS, Flutter, Sketch, React Native, HTML CSS, Responsive Design, React, Next.js, REST APIs, Java","App Store, Freelancing, iOS, Android, Web Development",Mobile Developer
Maria U41,Problem Solving,BE Electronics and Communication,"Terraform, Teamwork, Agile, Security, Linux, Azure, AWS, Git, Figma, CloudFormation, Load Balancing","Design Thinking, Human Centered Design, Product Design, Design",UI/UX Designer
Puja D45,Communication,BSc IT,"Firebase, Kotlin, Agile, Tableau, Push Notifications, Problem Solving, Mobile UI, Flutter, Xcode, Communication, Git","Dashboards, Charts, KPI Tracking, Operations, Consulting",Data Analyst
Rohan D13,Logical Thinking,BE Software Engineering,"HTML, Python, Teamwork, Prometheus, Site Reliability, CI/CD, Docker","Deployment, Reliability, CI/CD, Cloud Native, Automation, Infrastructure",DevOps Engineer
Anu S4,Attention to Detail,MCA,"Xcode, Git, Dart, Firebase, Kotlin, App Development, Agile, Python, Algorithms, React Native, AWS","Software Systems, Programming, Product Development, Startups",Software Developer
Riley U25,Creativity,BE Computer Engineering,"React, TypeScript, CSS, Problem Solving, Sketch, HTML, Figma, Excel, Tailwind CSS, Vue","Design, Human Centered Design, Creativity, Career Growth, Product Design, Collaboration",UI/UX Designer
Riley F34,Presentation Skills,BCA,"Excel, SQL, Node.js, Problem Solving, HTML, MongoDB, Redis, Microservices, Authentication, Python, PostgreSQL","Startups, UI, Creative Coding, Mobile Web",Frontend Developer
Alex S34,Communication,BCA,"AWS, Problem Solving, Redux, System Design, TypeScript, Agile, CSS, REST APIs, Tailwind CSS, React","Clean Code, Engineering, Remote Work, Freelancing, Architecture",Software Engineer
Alex M22,Presentation Skills,Diploma in Computer Science,"Apache Spark, Algorithms, Python, HTML, ETL, Java, Data Modeling, System Design, Deep Learning, JavaScript, Code Review, Data Structures, Git, NumPy, Jupyter","Neural Networks, AI, Deep Learning, Learning",Machine Learning Engineer
Dev D16,Problem Solving,BE Software Engineering,"Model Deployment, Kafka, Communication, SQL, Teamwork, Deep Learning, Scikit-learn, TensorFlow, Airflow, Data Pipelines","Warehousing, Streaming, Data Infrastructure, Lakehouse, ETL",Data Engineer
Kiran B8,Logical Thinking,BE Software Engineering,"Python, Express, Java, REST APIs, AWS, Node.js","APIs, Security, Scalability, Performance, Databases",Backend Developer
Alex B27,Analytical Mindset,BE Computer Engineering,"REST APIs, HTML, MongoDB, AWS, Docker, Microservices, Express, SQL","Architecture, Databases, Security, Scalability, Server Logic",Backend Developer
Arjun U23,Communication,Diploma in Computer Science,"Adobe XD, AWS, Networking, Problem Solving, Visual Design, CloudFormation, VPC, Security, Azure, JavaScript","User Experience, Creativity, Human Centered Design, Design, Collaboration, Learning",UI/UX Designer
Sneha C33,Analytical Mindset,BTech Information Technology,"Wireshark, VPC, Incident Response, Firewalls, Git, Agile, Splunk, AWS, Network Security, CloudFormation","Security, Forensics, Networks, Compliance, Blue Team, Threat Detection",Cybersecurity Analyst
Riya B12,Logical Thinking,BTech Information Technology,"REST APIs, Data Structures, Python, SQL, Design Patterns, MongoDB, OOP, Linux, Node.js, HTML","Backend Engineering, APIs, Cloud, Scalability, Databases",Backend Developer
Nabin Q39,Teamwork,MCA,"Docker, Manual Testing, Wireframing, Communication, Linux, Miro, Adobe XD, JavaScript, Agile","Defect Management, Tech Community, Quality Assurance, Automation",QA Engineer
Morgan M30,Quick Learner,BE Electronics and Communication,"Machine Learning, Scikit-learn, Communication, Deep Learning, JavaScript, Java","Neural Networks, Computer Vision, Robotics, Research, Model Deployment",Machine Learning Engineer
Taylor U32,Problem Solving,BE Computer Engineering,"CSS, Xcode, Agile, Dart, Docker, Communication, React Native, Mobile UI, Visual Design, Flutter, Vue, React, TypeScript, Kotlin, Git, Figma","Startups, User Experience, Web Design, Human Centered Design",UI/UX Designer
Dev C1,Communication,BSc Computer Science,"Visual Design, Design Systems, User Research, Prototyping, Docker, Miro, Agile, Wireframing, Java, Python","Scalability, Migration Projects, Hybrid Cloud, Automation, Enterprise IT",Cloud Engineer
Anita S25,Problem Solving,MCA,"Java, GraphQL, Communication, Node.js, System Design, Algorithms, Testing, PostgreSQL, Spring Boot, MongoDB, Problem Solving, Python, Tailwind CSS, Express, REST APIs, CSS, Docker, OOP","Scalable Systems, Software Systems, Innovation, Coding",Software Developer
Anu F3,Quick Learner,BE Electronics and Communication,"CSS, TypeScript, Vue, HTML, PostgreSQL, Express, Teamwork, JavaScript, Linux","Creative Coding, UI, Web Design, Design Systems, User Experience, Frontend, Freelancing",Frontend Developer
Samir C14,Attention to Detail,BE Computer Engineering,"Python, AWS, Dart, Firebase, Problem Solving, Mobile UI, Flutter, Linux","Scalability, Freelancing, Career Growth, Enterprise IT",Cloud Engineer
Riya D2,Quick Learner,MCA,"Jupyter, SQL, Docker, Tableau, Machine Learning, PyTorch, Python, Teamwork, Feature Engineering, Data Pipelines, Deep Learning, Communication, Scala, Data Cleaning, MLOps, Excel, Model Deployment, R","AI, Dashboards, Collaboration, Analytics, Data Analysis",Data Scientist
Anita F29,Analytical Mindset,BE Software Engineering,"TypeScript, JavaScript, CSS, Excel, Responsive Design","Startups, Frontend, UI, Creative Coding",Frontend Developer
Aarav S40,Logical Thinking,Diploma in Computer Science,"Algorithms, Docker, HTML, Data Structures, Python, Distributed Systems, System Design","Big Tech, Architecture, Reliability, Engineering, Clean Code",Software Engineer
Maria F30,Logical Thinking,BSc Computer Science,"Agile, Communication, Mobile UI, Problem Solving, JavaScript, State Management, Linux, SQL, Responsive Design, Flutter, HTML","Cross Platform, Web Design, Mobile Web, Collaboration, Creative Coding",Frontend Developer
Jordan D1,Presentation Skills,BSc IT,"Git, Visual Design, Design Systems, Java, User Research, Sketch, Python, Wireframing, Adobe XD, Excel, Figma, Linux, HTML CSS","ETL, Warehousing, Streaming, Data Quality, Pipelines",Data Engineer
Alex D40,Problem Solving,Diploma in Computer Science,"HTML, Agile, Tableau, SQL, Java, Power BI, Pandas","Market Research, KPI Tracking, Business Reports, Analytics, Marketing Analytics, Charts",Data Analyst
Samir C8,Logical Thinking,BE Software Engineering,"Python, Problem Solving, Networking, Linux, HTML, Node.js, Agile, Next.js, Teamwork","Pipelines, Remote Work, Automation, Enterprise IT",Cloud Engineer
Meera Q33,Analytical Mindset,BTech Information Technology,"Selenium, Excel, Jira, Test Cases, Postman, HTML","Quality Assurance, Security Testing, Software Quality, Testing, Automation",QA Engineer
James M32,Presentation Skills,BTech Information Technology,"Kotlin, JavaScript, Java, React Native, Agile, Figma, React, HTML, App Development","Mobile Performance, Mobile Apps, Android, App Store",Mobile Developer
Bikash S2,Communication,BE Software Engineering,"Linux, Site Reliability, Data Structures, AWS, Teamwork, Algorithms, Microservices, Ansible, SQL, Java, Jenkins, Python, Helm, Problem Solving, JavaScript, Git, Authentication, Express, Testing, PostgreSQL","Startups, Deployment, Architecture, Tech Community, Reliability",Software Engineer
Riya S14,Problem Solving,BSc Computer Science,"Algorithms, JavaScript, Docker, Wireframing, Agile, Excel, Linux, Problem Solving, User Research, Accessibility","Scalable Systems, Career Growth, Problem Solving, Architecture, Clean Code",Software Engineer
Arjun M23,Problem Solving,BCA,"React, JavaScript, Git, Sketch, Firebase, Prototyping, HTML, Swift, Excel, Vue, REST APIs, AWS, Responsive Design, Design Systems, Adobe XD, Redux, Wireframing, Accessibility, React Native","Learning, iOS, Cross Platform, SaaS",Mobile Developer
Sita D43,Problem Solving,MCA,"Express, Java, Nginx, CI/CD, Monitoring, Node.js, Algorithms, Testing, SQL, MongoDB, Teamwork, Kubernetes, Terraform, CloudFormation, Networking, Ansible, IAM, GCP, Communication, Docker, REST APIs","Server Logic, CI/CD, Deployment, Reliability, Remote Work",DevOps Engineer
Meera F12,Quick Learner,BE Software Engineering,"REST APIs, Communication, JWT, SQL, MongoDB, HTML, Express","Product Building, Web Development, SaaS, Side Projects",Full Stack Developer
Nabin S31,Attention to Detail,Diploma in Computer Science,"Excel, Data Structures, Design Patterns, Express, AWS, Agile, Communication, Tailwind CSS, GraphQL, SQL, HTML, Microservices, Algorithms, React, Next.js, MongoDB, CSS, Authentication, PostgreSQL","Coding, Career Growth, Scalable Systems, Software Systems, Problem Solving",Software Developer
Kiran S38,Teamwork,BCA,"Java, Algorithms, Problem Solving, System Design, SQL, JavaScript, Code Review, Testing, Docker, AWS","Startups, Hackathons, Product Development, Coding",Software Developer
Sneha B41,Teamwork,BCA,"Linux, Problem Solving, SQL, MongoDB, Communication, OOP, Java, AWS, Algorithms, Design Patterns, APIs","Databases, System Design, Performance, Cloud, Scalability",Backend Developer
Riley F27,Creativity,BSc IT,"Vue, JavaScript, Authentication, Responsive Design, Problem Solving, Algorithms, REST APIs, TypeScript, AWS, Communication, React, Java, Redis, SQL, Tailwind CSS, APIs, Node.js, Agile","Product Building, Learning, UI, SaaS, Cloud",Full Stack Developer
James F9,Creativity,BE Electronics and Communication,"Excel, Pandas, Statistics, Teamwork, Power BI, Google Sheets, CSS, Business Intelligence, Communication, Tableau","Web Development, Freelancing, Startups, Product Building, SaaS",Full Stack Developer
Riley D24,Creativity,BCA,"Docker, Airflow, Google Sheets, Statistics, Tableau, Data Pipelines, Java, Kafka, SQL, Scala","Analytics, Dashboards, Business Reports, Operations, Marketing Analytics",Data Analyst
Morgan C5,Presentation Skills,BCA,"Kafka, Linux, SQL, Azure, CloudFormation, GCP, Airflow, Hadoop, Terraform, Teamwork","Migration Projects, Automation, Cloud Infrastructure, Scalability, Enterprise IT",Cloud Engineer
Kiran F11,Research,BTech Information Technology,"OOP, Express, Next.js, MongoDB, Tailwind CSS, TypeScript, Microservices, Node.js, AWS, HTML, Python, SQL, Nginx, REST APIs, Teamwork, React, Algorithms, Git, C++, Data Structures","Cloud, Startups, Frontend, Creative Coding, Learning, SaaS, Product Building",Full Stack Developer
Nabin Q23,Logical Thinking,BSc IT,"Linux, Python, APIs, Agile, CI/CD, SQL, Manual Testing, Cypress, Git, Terraform, REST APIs, Express, Problem Solving, Docker, Jenkins, Algorithms, GraphQL, Infrastructure as Code, Node.js, Authentication","Product Development, Tech Community, Defect Management, Programming, Automation, Quality Assurance",QA Engineer
Nabin D9,Communication,MCA,"HTML, Pandas, PostgreSQL, Statistics, Communication, GraphQL, Express, Node.js, Excel, Docker, Python, Git","Research, AI, Innovation, Automation",Data Scientist
Casey S45,Patience,BE Electronics and Communication,"SQL, Algorithms, Python, Testing, Node.js, MongoDB, Linux, Nginx, React, Java, Problem Solving, PostgreSQL, CI/CD, Data Structures, System Design, Authentication, Express, CSS","Problem Solving, Collaboration, Product Development, Databases, Server Logic, Startups",Software Developer
Morgan D26,Logical Thinking,BE Software Engineering,"AWS, Networking, Data Pipelines, Airflow, Python, HTML, Azure, VPC, ETL, Terraform","Data Quality, ETL, Pipelines, Warehousing, Streaming",Data Engineer
Aarav D31,Attention to Detail,BE Software Engineering,"Kafka, Python, Snowflake, Teamwork, AWS, R, Data Cleaning, ETL, Data Pipelines, Problem Solving, Scikit-learn, Statistics, Hadoop, Spark, Excel","Dashboards, Career Growth, Analytics, KPI Tracking, Big Data",Data Analyst
Riya D4,Problem Solving,MCA,"Communication, Ansible, PyTorch, Model Deployment, Jenkins, Python, TensorFlow, NLP, Scikit-learn, Agile","Deployment, Automation, Innovation, Freelancing",DevOps Engineer
Jordan S11,Attention to Detail,MCA,"Problem Solving, ETL, Apache Spark, Kafka, Scala, Python, Airflow, HTML, Git, Data Modeling, Excel","Software Systems, Startups, Open Source, Programming, Coding",Software Developer
James F17,Patience,MCA,"AWS, Problem Solving, JavaScript, PostgreSQL, CSS, MongoDB, Excel, React","Cloud, Freelancing, Full Stack, Product Building, MERN Stack",Full Stack Developer
Riley C22,Communication,Diploma in Computer Science,"Incident Response, Cryptography, Docker, Network Security, SIEM, Problem Solving","Penetration Testing, Forensics, Compliance, Ethical Hacking",Cybersecurity Analyst
Alex C41,Patience,BSc Computer Science,"Linux, Networking, Agile, Terraform, Problem Solving, Java, SQL","Enterprise IT, Cloud Infrastructure, CI/CD, Learning, Reliability, Collaboration, Automation",Cloud Engineer
Arjun C35,Quick Learner,BTech Information Technology,"Docker, Linux, Agile, Excel, HTML, Miro, Git, Incident Response, Sketch, Adobe XD, Teamwork","Startups, Security, Forensics, Deployment, Reliability",Cybersecurity Analyst
Jordan S19,Logical Thinking,BE Electronics and Communication,"Agile, Java, CI/CD, Docker, Jenkins, Git, HTML, Algorithms, GitHub Actions","Scalable Systems, Engineering, Clean Code, Mentorship, Architecture",Software Engineer
Jordan S29,Teamwork,BSc IT,"CI/CD, System Design, Git, HTML, Java, Algorithms","Mentorship, Architecture, Scalable Systems, Engineering",Software Engineer
Dev M45,Problem Solving,BSc Computer Science,"React Native, App Development, Linux, Git, Java, Firebase","Cross Platform, App Store, Wearables, User Experience",Mobile Developer
Meera F31,Teamwork,BTech Information Technology,"SQL, Linux, JavaScript, OOP, Git, Figma, CSS, HTML, Express, MongoDB, AWS, Docker, Algorithms, Node.js, Design Patterns, REST APIs, Problem Solving","Innovation, Server Logic, Startups, Scalability, SaaS, Web Development",Full Stack Developer
Anita S29,Attention to Detail,BE Computer Engineering,"Docker, Problem Solving, Communication, Python, Teamwork, JavaScript","Problem Solving, Collaboration, Programming, Product Development, Databases",Software Developer
Samir C16,Patience,BE Electronics and Communication,"Linux, Python, Hadoop, Networking, Data Pipelines, Problem Solving, Docker, Teamwork, AWS, Terraform, Agile, Excel, SQL","Enterprise IT, System Design, Cloud Infrastructure, Innovation",Cloud Engineer
Bikash M12,Problem Solving,BSc IT,"Scikit-learn, HTML, Vue, Tailwind CSS, Python, JavaScript, Deep Learning, React, Excel, Docker","Remote Work, Model Deployment, Data Analysis, Automation, Research",Machine Learning Engineer
Meera C9,Research,Diploma in Computer Science,"Linux, Python, Data Modeling, Authentication, MongoDB, Site Reliability, AWS, Data Pipelines, ETL, HTML, Docker, REST APIs, Infrastructure as Code, Kafka, Kubernetes, Helm, Express, Terraform, Communication, SQL, Spring Boot, Azure, Redshift","Automation, Startups, Databases, Cloud Infrastructure, Innovation, Scalability",Cloud Engineer
Maria B9,Creativity,MCA,"Linux, Java, Teamwork, JavaScript, AWS, Problem Solving, Docker, Node.js, Express","Freelancing, CI/CD, Scalability, Security, Startups, Reliability, Databases",Backend Developer
Aarav D1,Presentation Skills,MCA,"Python, HTML, Machine Learning, Teamwork, SQL, Excel, Problem Solving, Deep Learning","Tech Community, ETL, Data Analysis, Warehousing, Big Data, AI",Data Scientist
Taylor U4,Teamwork,BTech Information Technology,"Firebase, TypeScript, Linux, Visual Design, Java, Tailwind CSS, Agile, State Management, Swift, Figma, Git, JavaScript, Docker, User Research, Mobile UI","Creativity, Career Growth, Startups, iOS, User Experience, Human Centered Design",UI/UX Designer
Riley D15,Creativity,BSc IT,"Java, Git, Problem Solving, Prometheus, Communication, JavaScript, AWS, CI/CD, Site Reliability, Ansible, ETL","Streaming, Warehousing, Innovation, Model Deployment, Neural Networks, ETL, Learning",Data Engineer
Arjun F6,Communication,BSc IT,"Redux, AWS, Git, CSS, HTML, Communication, React","Frontend, Open Source, User Experience, UI, Web Design, Creative Coding",Frontend Developer
Arjun C31,Logical Thinking,BSc IT,"Linux, Terraform, IAM, Infrastructure as Code, Grafana, Cryptography, Docker, CI/CD, SIEM, Security, Networking, Site Reliability, Java","Threat Detection, Collaboration, Compliance, Forensics, Enterprise IT, Automation",Cybersecurity Analyst
Dev Q17,Patience,BE Software Engineering,"HTML, Test Cases, AWS, Selenium, JUnit, Bug Tracking","Automation, Quality Assurance, Defect Management, SDET Path, Security Testing",QA Engineer
Riya D32,Problem Solving,BE Software Engineering,"Ansible, JavaScript, User Research, Agile, Design Systems, Excel, Site Reliability, Adobe XD, Visual Design","Innovation, Learning, Deployment, Startups, CI/CD, Automation",DevOps Engineer
Priya S44,Analytical Mindset,BCA,"OOP, Design Patterns, Python, Problem Solving, Java, Excel","Problem Solving, Coding, Programming, Enterprise Software, Startups, Software Systems",Software Developer
Riley S5,Creativity,Diploma in Computer Science,"CI/CD, Microservices, Java, Git, Agile, Algorithms","Scalable Systems, Engineering, Mentorship, Architecture, Performance",Software Engineer
Taylor D34,Presentation Skills,BE Computer Engineering,"AWS, Scala, Pandas, SQL, Excel, Kafka, Problem Solving, Reporting, TensorFlow, Data Cleaning, Statistics, Airflow, Java","ETL, Warehousing, Freelancing, Remote Work, Dashboards, Market Research",Data Analyst
Anita C32,Communication,MCA,"Problem Solving, Kubernetes, CloudFormation, AWS, Site Reliability, JavaScript, IAM, Docker, Incident Response, Python, Networking, Nmap, GCP, Wireshark, Communication, Monitoring, Infrastructure as Code","Tech Community, Enterprise IT, Security, Forensics",Cybersecurity Analyst
Morgan C7,Communication,BE Electronics and Communication,"Agile, Cryptography, AWS, Network Security, Terraform, Git, Networking, Java, Load Balancing, Grafana, Jenkins, CloudFormation, Docker","Networks, Deployment, Security, Startups, Threat Detection, Learning",Cybersecurity Analyst
Rohan S14,Communication,BTech Information Technology,"MongoDB, SQL, Java, Spring Boot, Data Structures, Agile, Microservices, Git, Algorithms, Design Patterns, OOP, PostgreSQL","Programming, Problem Solving, Enterprise Software, Product Development",Software Developer
Rohan D9,Creativity,BE Computer Engineering,"Security, Docker, Site Reliability, Terraform, SQL, Monitoring, Java, PostgreSQL, Networking, Node.js, Spring Boot, Jenkins, Algorithms, Redis, IAM, JavaScript, REST APIs, Linux, Problem Solving, Distributed Systems, System Design, AWS, MongoDB","Automation, Career Growth, Architecture, Infrastructure, Innovation, Scalable Systems",DevOps Engineer
Samir Q43,Analytical Mindset,BE Software Engineering,"Test Cases, Bug Tracking, Python, JUnit, Jira, Git, Selenium, Teamwork","Security Testing, Quality Assurance, Automation, SDET Path, Software Quality",QA Engineer
Samir D30,Creativity,BSc IT,"ETL, Data Pipelines, Data Modeling, Python, Excel, Agile, Git, Kafka","Streaming, ETL, Data Infrastructure, Warehousing, Cloud Data",Data Engineer
Dev S11,Communication,BE Software Engineering,"Teamwork, Node.js, Python, PostgreSQL, Linux, Ansible, REST APIs, Microservices, System Design, GitHub Actions, Agile, Java, Site Reliability, Algorithms, Problem Solving, CI/CD, Communication","Reliability, Scalable Systems, Architecture, Tech Community, Coding, Startups",Software Engineer
Sneha F15,Presentation Skills,MCA,"TypeScript, Teamwork, HTML, Responsive Design, Accessibility, Excel","Design Systems, Frontend, Mobile Web, UI, Web Design, User Experience, Startups",Frontend Developer
Samir D44,Analytical Mindset,BSc Computer Science,"Java, Airflow, Python, SQL, Statistics, Machine Learning, Teamwork, Pandas, Matplotlib, Apache Spark, Data Modeling, Problem Solving, Data Cleaning, Scala, Docker, Seaborn","Big Data, Remote Work, Business Reports, Charts",Data Analyst
Puja D4,Problem Solving,BE Software Engineering,"Linux, Machine Learning, Load Balancing, Airflow, JavaScript, MLOps, PyTorch, Matplotlib, Data Pipelines, IAM, Model Deployment, Monitoring, AWS, NumPy, Scikit-learn, Terraform, Feature Engineering, Agile, Problem Solving","Predictive Modeling, Startups, Streaming, Learning, ETL, Pipelines",Data Engineer
Maria S7,Analytical Mindset,BSc IT,"Communication, Algorithms, Excel, GCP, Monitoring, Linux, Networking, Agile, Azure, IAM","Engineering, Remote Work, Reliability, Tech Community, Architecture, Clean Code",Software Engineer
Bikash C4,Creativity,BE Software Engineering,"Nmap, GCP, Teamwork, Wireshark, Networking, AWS, Terraform, Risk Assessment, Cryptography, Communication","Threat Detection, Compliance, Bug Bounty, Security, Blue Team, Forensics",Cybersecurity Analyst
Maria U19,Attention to Detail,BE Software Engineering,"Linux, Reporting, Pandas, Google Sheets, SQL, Docker, Teamwork, Agile, Tableau, Java, Adobe XD, Visual Design, Excel","Remote Work, Freelancing, Product Design, Creativity, User Experience, UI, Mobile Web",UI/UX Designer
Puja M3,Creativity,Diploma in Computer Science,"React, Color Theory, Git, HTML, JavaScript, Tailwind CSS, CSS, Visual Design, Java, Prototyping, REST APIs, Adobe XD, SQL, Firebase, Next.js, Node.js, Python, Linux, Mobile UI, JWT","Innovation, Product Design, App Store, Cross Platform, Creativity, Tech Community",Mobile Developer
Anita D35,Analytical Mindset,BSc Computer Science,"Linux, HTML, Power BI, Data Cleaning, Pandas, Python, SQL","Business Reports, Finance, Analytics, Operations, Dashboards",Data Analyst
James D7,Analytical Mindset,BE Software Engineering,"SQL, Data Pipelines, Keras, Apache Spark, MLOps, Deep Learning, Kafka, Linux, PyTorch","Real-time Analytics, Pipelines, Cloud Data, Data Infrastructure, Warehousing",Data Engineer
Kiran C11,Leadership,BCA,"Airflow, ETL, Kafka, Terraform, CI/CD, PostgreSQL, MongoDB, AWS, Python, Spring Boot, Kubernetes, SQL, Docker, Prometheus, Data Modeling, Scala, Excel, Site Reliability, Networking, Helm, Microservices","Deployment, Collaboration, Cloud Infrastructure, Automation, Startups, Scalability",Cloud Engineer
Samir D3,Leadership,BSc Computer Science,"State Management, Swift, Docker, Flutter, Java, Android Studio, React Native, App Development, Agile, Mobile UI","Big Data, Data Infrastructure, ETL, Cloud Data, Warehousing, Real-time Analytics",Data Engineer
Alex M16,Communication,BSc Computer Science,"Express, JavaScript, PostgreSQL, Spring Boot, Flutter, Mobile UI, Java, AWS, Python, Agile, MongoDB, SQL, Communication","Innovation, iOS, Cross Platform, Creative Coding",Mobile Developer
Nabin D17,Quick Learner,BCA,"Excel, Communication, Java, R, SQL, Linux, Statistics, Agile, Python","Warehousing, Pipelines, Charts, Collaboration, KPI Tracking",Data Analyst
Kiran D27,Communication,BSc IT,"Agile, Data Cleaning, AWS, CI/CD, Python, Infrastructure as Code, SQL, Terraform, HTML, Linux, Teamwork","Analytics, Big Data, AI, KPI Tracking, Innovation, Charts, Remote Work",Data Analyst
Bikash D36,Patience,BE Electronics and Communication,"AWS, TypeScript, Accessibility, Responsive Design, JavaScript, Next.js, HTML, Docker, React, CSS","Analytics, Market Research, Charts, Marketing Analytics",Data Analyst
Arjun D30,Analytical Mindset,MCA,"Accessibility, Jupyter, Python, TypeScript, CSS, AWS, HTML, React, SQL","Statistics, Visualization, Data Analysis, Research, Learning, Freelancing",Data Scientist
Samir D28,Presentation Skills,MCA,"SQL, OOP, Communication, Terraform, Problem Solving, Jenkins, Design Patterns, Docker, Testing, Agile, Java, Data Structures","Innovation, Infrastructure, Learning, Collaboration, CI/CD",DevOps Engineer
Riley M42,Communication,BSc IT,"React, Docker, Vue, Git, AWS, Python, Deep Learning, CSS, JavaScript","Learning, Deep Learning, Innovation, Model Deployment, AI",Machine Learning Engineer
Sita D38,Creativity,BCA,"Python, Problem Solving, Excel, Tableau, Google Sheets, Reporting, Machine Learning, Jupyter","Startups, Research, Big Data, Data Analysis, Healthcare Analytics, Visualization",Data Scientist
Meera D14,Research,MCA,"ETL, Machine Learning, Python, Data Cleaning, Statistics, Java, Reporting, Excel","Visualization, AI, Big Data, Automation",Data Scientist
Aarav D33,Problem Solving,BE Computer Engineering,"Linux, Java, SQL, Machine Learning, AWS, Accessibility, Git, Wireframing, NumPy, Visual Design","Charts, Freelancing, Learning, Data Analysis, Analytics, Big Data, Statistics",Data Scientist
Priya C36,Problem Solving,BTech Information Technology,"Scikit-learn, NLP, Pandas, Seaborn, Network Security, Machine Learning, SQL, Jupyter, Problem Solving, JavaScript, Excel","Penetration Testing, Threat Detection, Ethical Hacking",Cybersecurity Analyst
Nabin C17,Teamwork,BSc IT,"Docker, Firewalls, GCP, SIEM, Nmap, Git, Azure, Networking, Java","Networks, Security, Penetration Testing, Forensics, Compliance",Cybersecurity Analyst
Sneha F44,Attention to Detail,BE Software Engineering,"SQL, Vue, React, MongoDB, CSS, Tailwind CSS, JWT, HTML, JavaScript, REST APIs, Git","User Experience, Web Design, Mobile Web, Startups, Open Source, Frontend",Frontend Developer
Nabin F26,Leadership,BCA,"CSS, JavaScript, Linux, Express, Java, React","Web Development, Full Stack, Startups, Side Projects, SaaS, Freelancing",Full Stack Developer
Nabin F5,Presentation Skills,Diploma in Computer Science,"Algorithms, Agile, CSS, Node.js, Linux, HTML, Responsive Design, Teamwork, REST APIs, JavaScript, AWS, Data Structures, OOP, Docker, Java, Authentication","Mobile Web, Startups, Full Stack, Remote Work, Frontend, Innovation",Full Stack Developer
Samir S36,Teamwork,BE Computer Engineering,"Python, JavaScript, SQL, Data Structures, Algorithms, Problem Solving, Testing, Microservices","Clean Code, Reliability, Architecture, Distributed Systems, Scalable Systems",Software Engineer
Bikash M27,Research,BE Electronics and Communication,"Design Patterns, Snowflake, Java, Machine Learning, System Design, Algorithms, SQL, TensorFlow, Git, Data Structures, Statistics, ETL, Agile, Jupyter, Code Review, Docker, Python, AWS, MLOps, Airflow, Data Visualization","AI, Deep Learning, Research, Pipelines, Collaboration, ETL",Machine Learning Engineer
Morgan C15,Problem Solving,MCA,"SQL, Microservices, Data Modeling, Airflow, Grafana, Java, Kafka, GraphQL, Jenkins, Site Reliability, Authentication, REST APIs, Data Pipelines, Problem Solving, CloudFormation, Docker, Express, Azure, Linux, Redis, Terraform","Scalability, Automation, Learning, Remote Work, Big Data",Cloud Engineer
Puja Q44,Presentation Skills,BTech Information Technology,"Jira, Excel, Scikit-learn, Problem Solving, Test Cases, Statistics, Java, TensorFlow, Pandas","Collaboration, Testing, Tech Community, Automation, Freelancing, Quality Assurance",QA Engineer
Morgan S27,Communication,BSc Computer Science,"Express, AWS, Algorithms, Java, CI/CD, Microservices, Data Structures, Infrastructure as Code, SQL, Teamwork, PostgreSQL, Terraform, Spring Boot, Docker, Monitoring, Kubernetes, JavaScript, Authentication","Databases, Startups, Reliability, Security, Scalable Systems",Software Engineer
Puja U43,Patience,BSc IT,"Sketch, Figma, Communication, Adobe XD, Git, Problem Solving, HTML CSS","User Experience, Creativity, Usability Testing, Design, Branding",UI/UX Designer
Alex Q3,Teamwork,BE Software Engineering,"Selenium, Bug Tracking, Jenkins, Site Reliability, Python, Redis, Problem Solving, Prometheus, Grafana, Agile, PostgreSQL, REST APIs, Linux, Express, Kubernetes, Microservices, Algorithms, SQL, Test Cases, Nginx, CI/CD","Tech Community, Defect Management, System Design, Automation",QA Engineer
Anita S37,Analytical Mindset,BE Computer Engineering,"Java, SQL, Linux, Teamwork, Communication, Looker, Git, Reporting, Matplotlib, Data Cleaning, Statistics, Pandas","Big Tech, Architecture, Scalable Systems, Clean Code, Reliability",Software Engineer
Sita M45,Logical Thinking,BSc Computer Science,"BigQuery, Airflow, TensorFlow, PyTorch, Apache Spark, Git, Linux, Machine Learning","Model Deployment, Robotics, Automation, Deep Learning",Machine Learning Engineer
Taylor S28,Patience,BCA,"TypeScript, CI/CD, Algorithms, Agile, Microservices, Excel, SQL, Python, Node.js, React, Java, Docker, Express, REST APIs, Authentication, Data Structures, Design Patterns","Problem Solving, APIs, Innovation, Career Growth, Programming, Databases",Software Developer
Kiran M23,Presentation Skills,BE Electronics and Communication,"Data Visualization, Algorithms, Scikit-learn, SQL, ETL, JavaScript, Code Review, Python, Statistics, CI/CD, PyTorch, AWS, Tableau, MLOps, Linux, Redshift, Data Structures, Design Patterns","Model Deployment, Big Data, Automation, Deep Learning, Collaboration",Machine Learning Engineer
Arjun D10,Creativity,Diploma in Computer Science,"JavaScript, SQL, Docker, Teamwork, Git, HTML, AWS","Remote Work, Data Infrastructure, Enterprise IT, Pipelines, Startups",Data Engineer
Sneha U24,Attention to Detail,BE Software Engineering,"Excel, TypeScript, Teamwork, SQLite, Flutter, Responsive Design, Redux, HTML, Swift, Git, Wireframing, Prototyping, Docker, Accessibility, App Development, Tailwind CSS","Creativity, Innovation, Mobile Web, Product Design, Learning, User Experience",UI/UX Designer
Sita Q11,Problem Solving,Diploma in Computer Science,"Bug Tracking, Manual Testing, Python, API Testing, Postman, SQL","Quality Assurance, Performance Testing, Automation, Software Quality, Release Management, Testing",QA Engineer
Maria C3,Teamwork,BE Computer Engineering,"Splunk, Network Security, Problem Solving, Nmap, Wireshark, Excel, Cryptography","Ethical Hacking, Compliance, Red Team, Security, Penetration Testing",Cybersecurity Analyst
Dev C22,Communication,BSc Computer Science,"CloudFormation, Java, System Design, Git, Python, CI/CD, HTML, Agile","Scalability, Collaboration, Enterprise IT, Data Infrastructure, Cloud Infrastructure",Cloud Engineer
Maria C14,Teamwork,MCA,"Java, Teamwork, Cryptography, Excel, Docker, Problem Solving, Agile, Nmap","Deployment, Tech Community, Reliability, Networks, Ethical Hacking, Innovation",Cybersecurity Analyst
Kiran D35,Research,BSc Computer Science,"Statistics, R, Redshift, Agile, MLOps, Python, ETL, SQL, Data Cleaning, Model Deployment, Problem Solving, Tableau, JavaScript, Data Pipelines, Snowflake, TensorFlow, NLP, Apache Spark, Machine Learning","Big Data, Research, Data Analysis, Career Growth, Freelancing",Data Scientist
Alex S15,Research,BE Electronics and Communication,"SQL, Algorithms, OOP, Docker, Node.js, Problem Solving, Microservices, MongoDB, Data Structures, JavaScript, HTML, PostgreSQL, Authentication, System Design, Java, Design Patterns, Python, AWS","Career Growth, Software Systems, Learning, Problem Solving, Server Logic, Product Development",Software Developer
Alex D3,Logical Thinking,BE Computer Engineering,"Problem Solving, Excel, Sketch, User Research, Teamwork, Visual Design, HTML CSS, Adobe XD, Miro, Wireframing, Linux","Analytics, Career Growth, KPI Tracking, Remote Work, Charts, Business Reports, Freelancing",Data Analyst
Taylor D34,Quick Learner,BE Electronics and Communication,"Pandas, Scikit-learn, Teamwork, Machine Learning, Tableau, TensorFlow, Java","Research, Visualization, Startups, Statistics, Predictive Modeling",Data Scientist
Alex D15,Communication,BSc IT,"Jupyter, NumPy, SQL, Excel, Pandas, Airflow, Data Cleaning, Communication, NLP, Java, Redshift, Teamwork, Apache Spark, Tableau","Charts, Learning, Statistics, Business Reports",Data Analyst
Jordan D16,Research,BSc Computer Science,"Python, Excel, Pandas, Problem Solving, Jupyter, SQL, Kafka, Deep Learning, Statistics, JavaScript, TensorFlow, Apache Spark, ETL, Tableau, Scikit-learn, Redshift","Visualization, KPI Tracking, Big Data, Collaboration, Analytics, Learning, Market Research",Data Analyst
Samir M39,Creativity,BCA,"Teamwork, Azure, VPC, Linux, Python, AWS, Networking, Mobile UI, Shell Scripting, Swift","App Store, Tech Community, Cross Platform, Freelancing",Mobile Developer
Aarav F33,Quick Learner,BE Computer Engineering,"Agile, Excel, CSS, Redux, JavaScript, SQL, Git, Communication, Node.js, REST APIs, PostgreSQL, Tailwind CSS, OOP, Vue, Java, Linux, HTML, Algorithms, MongoDB","Web Development, Tech Community, Programming, Product Development, Cloud, Full Stack, Career Growth",Full Stack Developer
Maria D33,Analytical Mindset,BE Computer Engineering,"C++, Java, Agile, SQL, Algorithms, OOP, Python, AWS, Problem Solving","Automation, CI/CD, Infrastructure, Containers, Platform Engineering, Reliability",DevOps Engineer
Jordan S10,Communication,BSc IT,"Linux, HTML, AWS, Microservices, Problem Solving, System Design, Git, Teamwork","Architecture, Remote Work, Clean Code, Startups, Server Logic, Engineering",Software Engineer
Morgan D33,Attention to Detail,MCA,"Seaborn, Python, SQL, Problem Solving, Jupyter, Pandas, Tableau, Docker","KPI Tracking, Charts, Marketing Analytics, Analytics, Dashboards",Data Analyst
Puja Q20,Problem Solving,MCA,"Docker, Cypress, Xcode, Test Cases, HTML, Excel, App Development, Firebase, Linux, Git, Teamwork","Freelancing, Automation, Collaboration, CI/CD, Infrastructure, Software Quality, Quality Assurance",QA Engineer
Anita S36,Research,MCA,"Java, System Design, Git, CI/CD, SQL, Python, AWS, Algorithms, HTML, Teamwork","Coding, Collaboration, Software Systems, Remote Work, Product Development, Startups",Software Developer
Morgan F25,Leadership,BTech Information Technology,"User Research, Visual Design, Typography, Figma, Teamwork, Wireframing, Python, JavaScript, Adobe XD, Problem Solving, HTML CSS","Innovation, Web Development, Full Stack, Career Growth, Product Building, Learning",Full Stack Developer
Morgan S45,Quick Learner,BSc IT,"Node.js, Authentication, Algorithms, Python, Design Patterns, Problem Solving, Spring Boot, Site Reliability, Data Structures, Java, HTML, Kubernetes, GitHub Actions, Git, Jenkins, Microservices, C++","Collaboration, Innovation, Clean Code, Engineering, Reliability, Programming",Software Engineer
Arjun Q1,Teamwork,BE Software Engineering,"Cypress, Bug Tracking, Communication, Teamwork, Test Cases, Manual Testing, Regression Testing","Testing, Security Testing, Defect Management, Automation, Quality Assurance",QA Engineer
Puja S1,Logical Thinking,Diploma in Computer Science,"Excel, REST APIs, Problem Solving, Agile, Linux, Docker, Python, SQL, Authentication, Data Structures, Infrastructure as Code, Express, Kubernetes, Ansible, JavaScript, Algorithms, Java, Microservices, CI/CD, Helm","Startups, Clean Code, Remote Work, Infrastructure, Architecture",Software Engineer
Meera D38,Problem Solving,BCA,"Python, NLP, Computer Vision, MLOps, Deep Learning, TensorFlow, SQL, PyTorch, JavaScript","Business Reports, Learning, KPI Tracking, Startups, Freelancing, Dashboards",Data Analyst
Bikash C4,Creativity,Diploma in Computer Science,"Terraform, Microservices, Teamwork, Shell Scripting, Linux, AWS, Communication, Nginx, REST APIs, MongoDB, CloudFormation","Enterprise IT, Hybrid Cloud, Certifications, Scalability, Cloud Infrastructure, Automation",Cloud Engineer
Nabin D29,Problem Solving,Diploma in Computer Science,"Load Balancing, System Design, Microservices, IAM, Networking, Algorithms, Teamwork, Jenkins, MongoDB, Testing, AWS, Express, Site Reliability, CloudFormation, Linux, Node.js, GraphQL, SQL, Python, VPC, Git, Data Structures","Remote Work, Enterprise IT, Deployment, Career Growth, Automation",DevOps Engineer
James Q21,Communication,MCA,"GitHub Actions, API Testing, OOP, Site Reliability, Testing, Java, Authentication, Manual Testing, Ansible, Problem Solving, Git, Terraform, SQL, Express, MongoDB, GraphQL, Agile, REST APIs, Spring Boot, Data Structures, Communication","System Design, Quality Assurance, Learning, Security, Defect Management",QA Engineer
Alex D42,Teamwork,MCA,"Design Patterns, Algorithms, Express, MongoDB, Docker, Kubernetes, Java, Git, Communication, Data Structures, CloudFormation, Linux, Testing, AWS, Microservices, Authentication, HTML, VPC, Teamwork, CI/CD, SQL","Infrastructure, Enterprise IT, Remote Work, CI/CD",DevOps Engineer
Casey D24,Quick Learner,BE Computer Engineering,"HTML, R, NLP, Python, AWS, Machine Learning, Scala, Airflow, ETL, Statistics, Docker","Predictive Modeling, Research, Statistics, Data Analysis, Academia",Data Scientist
Nabin B19,Teamwork,BE Software Engineering,"TypeScript, Grafana, C++, REST APIs, Express, OOP, Excel, Linux, Node.js, SQL, Agile, AWS, React, JavaScript, Terraform, CI/CD, Ansible, PostgreSQL, Data Structures","Server Logic, Security, Learning, Startups, Full Stack, System Design",Backend Developer
Priya D37,Quick Learner,MCA,"AWS, Node.js, TypeScript, Java, Communication, HTML, SQL, Problem Solving, CSS, JavaScript","Lakehouse, ETL, Data Infrastructure",Data Engineer
Meera D26,Quick Learner,Diploma in Computer Science,"Test Cases, TestNG, Agile, SQL, Selenium, Postman, Manual Testing, Problem Solving, Git, Jira, Load Testing","Academia, Automation, Research, Visualization",Data Scientist
Anita Q40,Presentation Skills,BSc IT,"Communication, Regression Testing, Jira, AWS, Bug Tracking, HTML, Cypress, Excel, Teamwork","Databases, Defect Management, Innovation, Testing",QA Engineer
Casey D37,Logical Thinking,BCA,"HTML, Agile, JavaScript, TypeScript, Communication, Problem Solving, Tailwind CSS, CSS, REST APIs, Next.js, AWS, Docker, React","CI/CD, Deployment, Containers, Infrastructure, Reliability",DevOps Engineer
Riya M31,Teamwork,BSc IT,"HTML, Communication, React Native, State Management, Mobile UI, Swift, Excel","User Experience, Wearables, iOS, Android",Mobile Developer
Meera C25,Quick Learner,BE Electronics and Communication,"Agile, Java, Network Security, Push Notifications, React Native, AWS, Swift, Linux, Problem Solving, Flutter, Python, Communication","Security, Threat Detection, Infrastructure, Freelancing",Cybersecurity Analyst
Meera D27,Presentation Skills,MCA,"Nginx, Microservices, SQL, Communication, Site Reliability, Authentication, CI/CD, Helm, Express, Ansible, Docker","Automation, Containers, Infrastructure, Cloud Native, Reliability",DevOps Engineer
Meera C39,Logical Thinking,BE Electronics and Communication,"Firewalls, SQL, Network Security, Incident Response, Nmap, Wireshark, Java, Threat Hunting, Risk Assessment, Azure","Collaboration, Remote Work, Scalability, Career Growth, Enterprise IT, Automation, Cloud Infrastructure",Cloud Engineer
Taylor D38,Communication,MCA,"Teamwork, Node.js, Java, Agile, AWS, Linux, Microservices, Python, Networking, PostgreSQL, Security, System Design, VPC, Azure, CI/CD, Docker, Spring Boot","Enterprise IT, Reliability, Scalability, Collaboration, Startups, CI/CD, Deployment",DevOps Engineer
Maria D32,Logical Thinking,BCA,"NLP, Jupyter, Azure, Deep Learning, Python, AWS, SQL, Pandas, Linux, Scikit-learn, GCP, Computer Vision, Keras, Apache Spark, Problem Solving, Git, NumPy, MLOps, IAM, Tableau","Scalability, Pipelines, Automation, Warehousing, Big Data, Freelancing",Data Engineer
Alex D29,Research,BE Computer Engineering,"SQL, Teamwork, Machine Learning, NumPy, Pandas, Python","Research, Academia, Data Analysis, AI, Predictive Modeling, Finance, Statistics",Data Scientist
Bikash Q42,Creativity,BE Electronics and Communication,"Manual Testing, Teamwork, API Testing, PostgreSQL, AWS, Selenium, Appium, Express, Nginx, Problem Solving, Authentication","Release Management, SDET Path, Quality Assurance, Software Quality, Testing, Defect Management",QA Engineer
Maria D21,Patience,Diploma in Computer Science,"Communication, Tailwind CSS, Java, Kubernetes, Docker, AWS, Python, Webpack, Excel, JavaScript","CI/CD, Automation, Learning, Enterprise IT, Reliability",DevOps Engineer
Samir D7,Analytical Mindset,Diploma in Computer Science,"Site Reliability, Problem Solving, Agile, Docker, Java, Teamwork, HTML","Automation, Cloud Infrastructure, Innovation, CI/CD, Infrastructure, Deployment",DevOps Engineer
Puja F15,Attention to Detail,BTech Information Technology,"Teamwork, AWS, SQL, CSS, HTML, Excel","Frontend, Freelancing, Cloud, Startups, SaaS",Full Stack Developer
Casey C3,Presentation Skills,BE Software Engineering,"AWS, Problem Solving, Docker, Computer Vision, Deep Learning, Teamwork, Python, Linux, Agile, HTML, TensorFlow, Java","Automation, Cloud Infrastructure, Innovation, Scalability",Cloud Engineer
Morgan D17,Attention to Detail,BCA,"Machine Learning, Scikit-learn, Shell Scripting, TensorFlow, Keras, Communication, Docker, Linux, Load Balancing, Statistics, Terraform, NLP, Data Pipelines, Pandas, Python, NumPy, AWS, PyTorch, Apache Spark, Git, Azure, ETL","Career Growth, Tech Community, Pipelines, Enterprise IT, Big Data, ETL",Data Engineer
Riley B7,Logical Thinking,Diploma in Computer Science,"Java, JavaScript, MongoDB, AWS, Authentication, Microservices, React, PostgreSQL, Communication","Security, System Design, Databases, APIs, Architecture",Backend Developer
Jordan S28,Teamwork,BE Computer Engineering,"SQL, Testing, Java, Docker, GitHub Actions, Monitoring, Data Structures, Excel, Authentication, Site Reliability, REST APIs, Express, System Design, Spring Boot, Kubernetes, Terraform, Algorithms, OOP, MongoDB","Clean Code, Databases, Reliability, Innovation, Scalable Systems, Server Logic, Learning",Software Engineer
Sita U20,Presentation Skills,BSc Computer Science,"HTML, React, Excel, Visual Design, Dart, Responsive Design, Accessibility, Sketch, Next.js, CSS, React Native, Mobile UI, Kotlin, JavaScript","Human Centered Design, Creative Coding, User Experience, Design, Product Design, Collaboration",UI/UX Designer
Bikash S23,Communication,BCA,"JavaScript, Communication, Agile, Java, Data Structures, Design Patterns, HTML, Excel, REST APIs, OOP, Python, Algorithms, MongoDB, CSS, Express, Microservices, PostgreSQL, CI/CD, Next.js, SQL","Innovation, Full Stack, Coding, Product Development, Tech Community, Problem Solving",Software Developer
Kiran M21,Research,BSc IT,"TensorFlow, Scikit-learn, Load Balancing, AWS, Shell Scripting, Terraform, Python, Networking, Linux, Docker, IAM","Neural Networks, Automation, Deep Learning, Tech Community, Research, Startups",Machine Learning Engineer
Jordan S24,Teamwork,BE Computer Engineering,"Agile, Java, Problem Solving, Communication, Python, JavaScript, Data Structures, SQL, HTML, Docker","Software Systems, Product Development, Product Building, Full Stack, Tech Community, Career Growth, Programming",Software Developer
Morgan S10,Problem Solving,BE Computer Engineering,"Algorithms, Problem Solving, Linux, SQL, Data Structures, Git, Design Patterns","Open Source, Software Systems, Startups, Product Development, Problem Solving",Software Developer
Dev C24,Presentation Skills,BSc IT,"AWS, ETL, HTML, Hadoop, Kafka, Snowflake, Communication, Apache Spark, Problem Solving, Data Pipelines","Migration Projects, Automation, Enterprise IT, Scalability, Certifications, Cloud Infrastructure",Cloud Engineer
Priya D38,Communication,BSc Computer Science,"Teamwork, ETL, Problem Solving, Java, Machine Learning, Docker, PyTorch, Agile, Model Deployment, MLOps, SQL, Git","Learning, Research, ETL, Tech Community, Warehousing",Data Engineer
Puja S2,Analytical Mindset,BE Computer Engineering,"React, CSS, Microservices, MongoDB, REST APIs, Testing, Algorithms, SQL, Python, Problem Solving, Express, Redis, Docker, TypeScript, Next.js, Node.js, Java, Teamwork","Learning, Full Stack, Software Systems, Problem Solving, Programming",Software Developer
Kiran U13,Quick Learner,Diploma in Computer Science,"Prototyping, Communication, Sketch, Excel, AWS, HTML, IAM, Shell Scripting, Networking, Agile","Remote Work, User Experience, Product Design, Cross Platform, Tech Community",UI/UX Designer
Dev U6,Presentation Skills,BCA,"Tailwind CSS, Vue, HTML, Figma, User Research, SQL, Java, Prototyping","Product Design, Creativity, Design Thinking, User Experience, Branding, Design, Human Centered Design",UI/UX Designer
Aarav D35,Leadership,Diploma in Computer Science,"Tableau, Agile, GCP, Deep Learning, Computer Vision, MLOps, Git, Scikit-learn, Model Deployment, Jupyter, IAM, Statistics, TensorFlow, Teamwork, Python, CloudFormation, VPC, AWS, Matplotlib, Airflow, Linux, Machine Learning","Streaming, Deep Learning, Big Data, ETL, Collaboration, Research",Data Engineer
Jordan M28,Teamwork,BE Electronics and Communication,"Prototyping, Wireframing, Tailwind CSS, HTML CSS, Miro, SQL, REST APIs, React, Adobe XD, Redux, Sketch, Node.js, Java, HTML, Python, Swift, Firebase, JavaScript, Communication, Responsive Design","Career Growth, Human Centered Design, Creativity, iOS, App Store, Cross Platform",Mobile Developer
Taylor U27,Leadership,Diploma in Computer Science,"App Development, Visual Design, Sketch, React Native, Vue, Teamwork, React, Figma, State Management, TypeScript, Java, Linux, Firebase, Android Studio, Excel, CSS, Python, Kotlin","Design, Creative Coding, Creativity, Freelancing, Startups, Product Design",UI/UX Designer
Aarav D43,Quick Learner,BE Software Engineering,"Excel, Statistics, JavaScript, HTML, R, Google Sheets, Airflow, Pandas, BigQuery, Data Pipelines, Machine Learning, Python, Model Deployment, Scikit-learn, Deep Learning, Tableau, Teamwork, MLOps","Research, Remote Work, Freelancing, Neural Networks, AI, Data Analysis",Data Scientist
James S6,Problem Solving,BSc IT,"Microservices, Site Reliability, CI/CD, Data Structures, System Design, Git, HTML, Helm, Java, Jenkins","Clean Code, Engineering, Architecture, Big Tech, Distributed Systems, Reliability, Scalable Systems",Software Engineer
Alex M12,Logical Thinking,Diploma in Computer Science,"Git, Swift, Wireframing, Color Theory, JavaScript, Docker, Express, React Native, REST APIs, Responsive Design, Visual Design, Accessibility, CSS, JWT, Teamwork, Node.js, Flutter, HTML, Adobe XD","Web Design, Startups, App Store, User Experience, Innovation, Mobile Web, Android",Mobile Developer
Priya D6,Problem Solving,BCA,"CI/CD, Kubernetes, Docker, Agile, Terraform, Excel","Deployment, Reliability, Platform Engineering, Automation",DevOps Engineer
Alex C42,Creativity,BTech Information Technology,"Java, Authentication, Jenkins, ETL, HTML, REST APIs, Node.js, Microservices, Airflow, Monitoring, Linux, SQL, Spring Boot, Agile, Communication, Networking, Site Reliability, Kubernetes, Scala, Problem Solving, Azure, Nginx","Reliability, Enterprise IT, Scalability, Career Growth",Cloud Engineer
Alex Q31,Creativity,MCA,"Deep Learning, Java, Agile, TensorFlow, Scikit-learn, Jira, Test Cases, Python, NLP, Model Deployment, Machine Learning","Tech Community, Testing, Collaboration, Quality Assurance, Software Quality, Defect Management",QA Engineer
Anita C38,Leadership,BE Electronics and Communication,"CloudFormation, Networking, PostgreSQL, Azure, JavaScript, AWS, Terraform, REST APIs, GraphQL, Microservices, Shell Scripting","Enterprise IT, Cloud Infrastructure, Scalability, Automation, Certifications",Cloud Engineer
Meera B5,Teamwork,Diploma in Computer Science,"Firebase, Communication, Swift, Kotlin, Flutter, REST APIs, Push Notifications, Dart, JavaScript, Git","Databases, Innovation, Remote Work, System Design, Startups",Backend Developer
James C19,Creativity,BTech Information Technology,"Android Studio, SIEM, Git, Agile, Swift, Linux, SQL, Network Security, Python, Flutter","Startups, Threat Detection, Career Growth, Cloud Infrastructure, Scalability, Security",Cybersecurity Analyst
Jordan B43,Presentation Skills,BCA,"Testing, Java, REST APIs, OOP, HTML, JavaScript, SQL, Teamwork, Python, Algorithms","Databases, Learning, System Design, Scalability, Collaboration",Backend Developer
Puja C34,Teamwork,Diploma in Computer Science,"AWS, HTML, Statistics, SQL, Linux, Google Sheets, Data Cleaning, Reporting, Python, ETL","Compliance, Bug Bounty, Threat Detection, Red Team",Cybersecurity Analyst
Anu Q10,Communication,BE Computer Engineering,"API Testing, Python, Java, Agile, HTML, Teamwork, Communication, Bug Tracking, AWS","Coding, Defect Management, Innovation, Software Systems, Software Quality, Quality Assurance",QA Engineer
Samir D23,Quick Learner,BSc IT,"Prometheus, Jenkins, SQL, Kubernetes, CI/CD, Ansible, Excel","Automation, Deployment, Infrastructure, Platform Engineering, Reliability, CI/CD",DevOps Engineer
Puja C6,Creativity,BSc IT,"Communication, JavaScript, Tailwind CSS, AWS, Azure, SQL, Teamwork, REST APIs, Git","System Design, Security, Scalability, Cloud Infrastructure, Collaboration",Cloud Engineer
Puja S17,Leadership,BSc Computer Science,"Python, Agile, Scikit-learn, Data Visualization, Excel, SQL, Jupyter, Problem Solving, NumPy, HTML","Remote Work, System Design, Databases, Product Development, Coding",Software Developer
Maria S39,Attention to Detail,BSc Computer Science,"Agile, JavaScript, Java, Node.js, Express, Algorithms, SQL, Tailwind CSS","Enterprise Software, Programming, Software Systems, Product Development, Problem Solving, Coding",Software Developer
Arjun D8,Teamwork,BE Electronics and Communication,"Keras, Machine Learning, Python, HTML, Scikit-learn, PyTorch, Model Deployment, Excel, Kubernetes","Learning, CI/CD, Reliability, Collaboration, Deployment",DevOps Engineer
Bikash F38,Presentation Skills,BE Computer Engineering,"Jira, API Testing, Regression Testing, AWS, Linux, Load Testing, JavaScript, Postman, Selenium, HTML","User Experience, UI, Freelancing, Open Source, Web Design, Creative Coding",Frontend Developer
James M1,Quick Learner,BE Electronics and Communication,"Python, Data Structures, Communication, Teamwork, TensorFlow, Problem Solving, HTML, CI/CD, Code Review, Linux","Collaboration, Freelancing, Warehousing, Model Deployment, Neural Networks",Machine Learning Engineer
Rohan D10,Problem Solving,Diploma in Computer Science,"Networking, HTML, Ansible, Kubernetes, Terraform, CI/CD, Prometheus, Python, IAM, Load Balancing","Reliability, Cloud Native, Infrastructure, CI/CD, Platform Engineering, Automation",DevOps Engineer
Kiran D4,Attention to Detail,BE Electronics and Communication,"Agile, Linux, Algorithms, Testing, Data Structures, Java, AWS, Problem Solving, Git","Finance, Charts, Market Research, Consulting, KPI Tracking",Data Analyst
Nabin D39,Presentation Skills,BTech Information Technology,"Terraform, Docker, Communication, CI/CD, Monitoring, Java, Kubernetes","Observability, Automation, Containers, CI/CD, Infrastructure",DevOps Engineer
Kiran F1,Quick Learner,Diploma in Computer Science,"Docker, React, JavaScript, Git, Java, CSS","User Experience, Frontend, Design Systems, UI, Open Source",Frontend Developer
Arjun C27,Leadership,BTech Information Technology,"Wireshark, Firewalls, Network Security, Cryptography, Java, SQL, JavaScript","Blue Team, Compliance, Security, Networks, Threat Detection, Ethical Hacking",Cybersecurity Analyst
Sneha D1,Communication,BE Electronics and Communication,"Push Notifications, Kotlin, State Management, Swift, Problem Solving, SQL, Kubernetes, Communication, Docker, React Native, Git, App Development, Mobile UI","Infrastructure, Containers, Deployment, Automation",DevOps Engineer
Meera C20,Problem Solving,BSc Computer Science,"Express, Ansible, Infrastructure as Code, Docker, SQL, Data Pipelines, Helm, PostgreSQL, Data Modeling, IAM, Spring Boot, dbt, Airflow, Linux, Terraform, Kubernetes, Kafka, JavaScript, MongoDB, Agile","Databases, Cloud Infrastructure, Learning, Security, Enterprise IT",Cloud Engineer
Aarav M3,Leadership,BE Computer Engineering,"HTML, Java, Microservices, Kafka, MLOps, Pandas, Redshift, Deep Learning, Agile, Data Visualization, Data Structures, SQL, Statistics, Scikit-learn, Data Pipelines, ETL, Communication, Code Review, NumPy, Linux","Automation, Learning, AI, Statistics, Visualization, Remote Work",Machine Learning Engineer
Arjun F21,Communication,BTech Information Technology,"AWS, Airflow, Node.js, Data Pipelines, SQL, Git, Snowflake, Apache Spark, Scala, Problem Solving, Docker, Kafka, Python","Freelancing, MERN Stack, Web Development, Full Stack, Product Building",Full Stack Developer
Maria B20,Communication,Diploma in Computer Science,"Data Structures, MongoDB, Terraform, Monitoring, Express, Site Reliability, AWS, OOP, Prometheus, JavaScript, HTML, PostgreSQL, CSS, Communication, Ansible, SQL, React, Jenkins, Tailwind CSS, Teamwork","APIs, Automation, Scalability, Career Growth, Server Logic",Backend Developer
Anu D29,Creativity,BSc IT,"AWS, Excel, Statistics, Java, Reporting","Finance, KPI Tracking, Analytics, Operations, Market Research, Business Reports",Data Analyst
Bikash M11,Analytical Mindset,BE Computer Engineering,"App Development, Reporting, Excel, Google Sheets, R, Linux, Python, Agile, Data Cleaning","Innovation, App Store, Mobile Apps, iOS, Freelancing, Remote Work",Mobile Developer
James F18,Attention to Detail,BE Electronics and Communication,"Teamwork, React, JavaScript, Java, REST APIs, TypeScript, HTML, CSS","Web Design, Frontend, Startups, User Experience",Frontend Developer
Sneha M14,Leadership,BTech Information Technology,"Machine Learning, Pandas, Python, Docker, Scikit-learn, Tableau, JavaScript, Matplotlib","NLP, Research, Model Deployment, Robotics, Automation, Neural Networks",Machine Learning Engineer
Bikash M26,Leadership,BSc Computer Science,"Agile, Python, Problem Solving, Keras, MLOps, Docker, TensorFlow, SQL, Scala, Kafka, Scikit-learn, Airflow","Deep Learning, NLP, Model Deployment, Automation, AI, Research, Production ML",Machine Learning Engineer
Dev C27,Logical Thinking,BE Computer Engineering,"Excel, Git, Docker, Java, Teamwork, Azure, HTML, AWS","Scalability, Enterprise IT, Automation, Infrastructure, Innovation",Cloud Engineer
James D28,Research,BTech Information Technology,"Linux, SQL, ETL, Data Pipelines, Python, Data Modeling, Statistics, Jupyter, Seaborn","Lakehouse, Big Data, Pipelines, Data Infrastructure, Streaming, Warehousing, Cloud Data",Data Engineer
Puja U26,Creativity,BE Software Engineering,"Java, CSS, Kotlin, User Research, Flutter, Firebase, TypeScript, Swift, Tailwind CSS, Next.js, Xcode, Wireframing, Android Studio, Adobe XD, Git, Teamwork, REST APIs, Agile, React","User Experience, Learning, Creativity, Career Growth, Human Centered Design",UI/UX Designer
Priya C8,Leadership,BTech Information Technology,"Excel, AWS, Nmap, Python, Docker, Networking, GitHub Actions, Grafana, SIEM, Site Reliability, Ansible, CloudFormation, Java, Firewalls, Kubernetes, Git, Shell Scripting","Networks, Reliability, Automation, Compliance, Remote Work, Startups",Cybersecurity Analyst
Bikash M40,Problem Solving,MCA,"Deep Learning, AWS, Problem Solving, Algorithms, Machine Learning, NLP, Scikit-learn, Data Structures, Testing","Automation, Deep Learning, Model Deployment, NLP, Research, Robotics, AI",Machine Learning Engineer
Riya D25,Problem Solving,BE Electronics and Communication,"SQL, Docker, Python, Agile, JavaScript, Linux, Excel","Career Growth, Pipelines, Streaming, Research, Learning, Model Deployment, Data Infrastructure",Data Engineer
Dev Q14,Presentation Skills,BE Computer Engineering,"Authentication, Nginx, Express, GraphQL, Python, PostgreSQL, Git, Microservices, HTML, MongoDB","Security Testing, Testing, Defect Management, Software Quality",QA Engineer
Sneha F37,Research,BE Electronics and Communication,"React, HTML, REST APIs, Java, Redis, JavaScript, Node.js, Microservices","MERN Stack, Cloud, Web Development, Full Stack",Full Stack Developer
Riley S19,Patience,BE Software Engineering,"Java, Express, Communication, AWS, Problem Solving, Node.js, OOP, HTML, SQL","Product Development, Software Systems, Problem Solving, Open Source",Software Developer
Riley S42,Problem Solving,MCA,"Testing, Java, System Design, JavaScript, MongoDB, Python, Tailwind CSS, Algorithms, Express, PostgreSQL, React, AWS, Data Structures, Microservices, Nginx, SQL, Excel, Docker, Problem Solving, HTML, REST APIs, GraphQL","Product Building, Collaboration, Problem Solving, Software Systems",Software Developer
Dev M35,Presentation Skills,BSc Computer Science,"PyTorch, SQL, MLOps, Apache Spark, Communication, Machine Learning, Kafka, Model Deployment, Snowflake, Scikit-learn","Robotics, Model Deployment, Deep Learning, Neural Networks",Machine Learning Engineer
Samir F41,Patience,BSc Computer Science,"AWS, SQL, React, Python, Responsive Design, Microservices, Node.js, Java, REST APIs, HTML, Agile, APIs, Vue, Nginx, Figma, Authentication, JavaScript, MongoDB","SaaS, Databases, Remote Work, Startups",Full Stack Developer
Dev C28,Logical Thinking,Diploma in Computer Science,"SIEM, Firewalls, AWS, SQL, Nmap, Wireshark","Threat Detection, Compliance, Penetration Testing, Bug Bounty, Security",Cybersecurity Analyst
Sita F19,Leadership,BSc Computer Science,"Python, Data Modeling, Excel, SQL, Communication, Airflow, Snowflake, Kafka","Startups, Product Building, Freelancing, Web Development, Side Projects, SaaS",Full Stack Developer
